link,tag,tag_type
https://en.wikipedia.org/wiki/Sustainable_agriculture,sustainable agriculture,Process
https://en.wikipedia.org/wiki/Sustainable_agriculture,ecosystem service,Process
https://en.wikipedia.org/wiki/Sustainable_agriculture,Sustainable,Concept
https://en.wikipedia.org/wiki/Sustainable_agriculture,Agriculture,Concept
https://en.wikipedia.org/wiki/Sustainable_agriculture,Farming,Concept
https://en.wikipedia.org/wiki/Sustainable_agriculture,Reduce,Concept
https://en.wikipedia.org/wiki/Sustainable_agriculture,Environmental,Concept
https://en.wikipedia.org/wiki/Sustainable_agriculture,Harm,Concept
https://en.wikipedia.org/wiki/Sustainable_agriculture,Aids,Concept
https://en.wikipedia.org/wiki/Sustainable_agriculture,Expands,Concept
https://en.wikipedia.org/wiki/Sustainable_agriculture,Natural,Concept
https://en.wikipedia.org/wiki/Sustainable_agriculture,Resource,Concept
https://en.wikipedia.org/wiki/Sustainable_agriculture,Ensures,Concept
https://en.wikipedia.org/wiki/Sustainable_agriculture,Non-Renewable,Concept
https://en.wikipedia.org/wiki/Sustainable_agriculture,Harnessed,Concept
https://en.wikipedia.org/wiki/Sustainable_agriculture,greenhouse gas emissions,Process
https://en.wikipedia.org/wiki/Sustainable_agriculture,biodiversity,Process
https://en.wikipedia.org/wiki/Sustainable_agriculture,crop rotation,Process
https://en.wikipedia.org/wiki/Sustainable_agriculture,UTZ,Organization
https://en.wikipedia.org/wiki/Sustainable_agriculture,Rainforest Alliance,Concept
https://en.wikipedia.org/wiki/Sustainable_agriculture,Fair Trade,Concept
https://en.wikipedia.org/wiki/Sustainable_agriculture,Bird Friendly,Concept
https://en.wikipedia.org/wiki/Sustainable_agriculture,Common Code,Concept
https://en.wikipedia.org/wiki/Sustainable_agriculture,Coffee Community,Concept
https://en.wikipedia.org/wiki/Sustainable_agriculture,Agricultural History Review Arab,Concept
https://en.wikipedia.org/wiki/Sustainable_agriculture,Agricultural Revolution United Kingdom,Concept
https://en.wikipedia.org/wiki/Sustainable_agriculture,British Agricultural Revolution Cheshire,Concept
https://en.wikipedia.org/wiki/Sustainable_agriculture,Scotland British Agricultural Revolution,Concept
https://en.wikipedia.org/wiki/Sustainable_agriculture,United States African,Concept
https://en.wikipedia.org/wiki/Sustainable_agriculture,American California Animal,Concept
https://en.wikipedia.org/wiki/Sustainable_agriculture,Grazing Convertible,Concept
https://en.wikipedia.org/wiki/Sustainable_agriculture,USDA,Organization
https://en.wikipedia.org/wiki/Sustainable_agriculture,Precision Biotechnology Animal,Concept
https://en.wikipedia.org/wiki/Sustainable_agriculture,Polyculture Rice,Concept
https://en.wikipedia.org/wiki/Sustainable_agriculture,Idea,Concept
https://en.wikipedia.org/wiki/Sustainable_agriculture,Having,Concept
https://en.wikipedia.org/wiki/Sustainable_agriculture,Relationship,Concept
https://en.wikipedia.org/wiki/Sustainable_agriculture,Land,Concept
https://en.wikipedia.org/wiki/Sustainable_agriculture,Been,Concept
https://en.wikipedia.org/wiki/Sustainable_agriculture,Prevalent,Concept
https://en.wikipedia.org/wiki/Sustainable_agriculture,Indigenous,Concept
https://en.wikipedia.org/wiki/Sustainable_agriculture,Communities,Concept
https://en.wikipedia.org/wiki/Sustainable_agriculture,Centuries,Concept
https://en.wikipedia.org/wiki/Sustainable_agriculture,Term,Concept
https://en.wikipedia.org/wiki/Sustainable_agriculture,Formally,Concept
https://en.wikipedia.org/wiki/Sustainable_agriculture,Added,Concept
https://en.wikipedia.org/wiki/Sustainable_agriculture,Lexicon,Concept
https://en.wikipedia.org/wiki/Sustainable_agriculture,Incorporation,Concept
https://en.wikipedia.org/wiki/Sustainable_agriculture,Biological,Concept
https://en.wikipedia.org/wiki/Sustainable_agriculture,Ecological,Concept
https://en.wikipedia.org/wiki/Sustainable_agriculture,Processes,Concept
https://en.wikipedia.org/wiki/Sustainable_agriculture,Nutrient,Concept
https://en.wikipedia.org/wiki/Sustainable_agriculture,Cycling,Concept
https://en.wikipedia.org/wiki/Sustainable_agriculture,Soil,Concept
https://en.wikipedia.org/wiki/Sustainable_agriculture,Regeneration,Concept
https://en.wikipedia.org/wiki/Sustainable_agriculture,Nitrogen,Concept
https://en.wikipedia.org/wiki/Sustainable_agriculture,Fixation,Concept
https://en.wikipedia.org/wiki/Sustainable_agriculture,Agricultural,Concept
https://en.wikipedia.org/wiki/Sustainable_agriculture,Food,Concept
https://en.wikipedia.org/wiki/Sustainable_agriculture,Production,Concept
https://en.wikipedia.org/wiki/Sustainable_agriculture,Practice,Concept
https://en.wikipedia.org/wiki/Sustainable_agriculture,AI,Organization
https://en.wikipedia.org/wiki/Sustainable_agriculture,Oftentimes,Concept
https://en.wikipedia.org/wiki/Sustainable_agriculture,Execution,Concept
https://en.wikipedia.org/wiki/Sustainable_agriculture,Within,Concept
https://en.wikipedia.org/wiki/Sustainable_agriculture,Comes,Concept
https://en.wikipedia.org/wiki/Sustainable_agriculture,Adoption,Concept
https://en.wikipedia.org/wiki/Sustainable_agriculture,Technology,Concept
https://en.wikipedia.org/wiki/Sustainable_agriculture,Environmentally-Focused,Concept
https://en.wikipedia.org/wiki/Sustainable_agriculture,Appropriate,Concept
https://en.wikipedia.org/wiki/Sustainable_agriculture,Technological,Concept
https://en.wikipedia.org/wiki/Sustainable_agriculture,Approaches,Concept
https://en.wikipedia.org/wiki/Sustainable_agriculture,agroecology,Process
https://en.wikipedia.org/wiki/Sustainable_agriculture,Review,Concept
https://en.wikipedia.org/wiki/Sustainable_agriculture,Article,Concept
https://en.wikipedia.org/wiki/Sustainable_agriculture,Found,Concept
https://en.wikipedia.org/wiki/Sustainable_agriculture,Study,Concept
https://en.wikipedia.org/wiki/Sustainable_agriculture,Become,Concept
https://en.wikipedia.org/wiki/Sustainable_agriculture,Mainstream,Concept
https://en.wikipedia.org/wiki/Sustainable_agriculture,Model,Concept
https://en.wikipedia.org/wiki/Sustainable_agriculture,Transforming,Concept
https://en.wikipedia.org/wiki/Sustainable_agriculture,Important,Concept
https://en.wikipedia.org/wiki/Sustainable_agriculture,Factor,Concept
https://en.wikipedia.org/wiki/Sustainable_agriculture,Site,Concept
https://en.wikipedia.org/wiki/Sustainable_agriculture,Climate,Concept
https://en.wikipedia.org/wiki/Sustainable_agriculture,Water,Concept
https://en.wikipedia.org/wiki/Sustainable_agriculture,Four,Concept
https://en.wikipedia.org/wiki/Sustainable_agriculture,Conservation,Concept
https://en.wikipedia.org/wiki/Sustainable_agriculture,Amenable,Concept
https://en.wikipedia.org/wiki/Sustainable_agriculture,Human,Concept
https://en.wikipedia.org/wiki/Sustainable_agriculture,Intervention,Concept
https://en.wikipedia.org/wiki/Sustainable_agriculture,AARI,Organization
https://en.wikipedia.org/wiki/Sustainable_agriculture,In Asia,Concept
https://en.wikipedia.org/wiki/Sustainable_agriculture,Farm,Concept
https://en.wikipedia.org/wiki/Sustainable_agriculture,Produce,Concept
https://en.wikipedia.org/wiki/Sustainable_agriculture,Perpetually,Concept
https://en.wikipedia.org/wiki/Sustainable_agriculture,Negative,Concept
https://en.wikipedia.org/wiki/Sustainable_agriculture,Effects,Concept
https://en.wikipedia.org/wiki/Sustainable_agriculture,Quality,Concept
https://en.wikipedia.org/wiki/Sustainable_agriculture,Elsewhere,Concept
https://en.wikipedia.org/wiki/Sustainable_agriculture,Example,Concept
https://en.wikipedia.org/wiki/Sustainable_agriculture,Case,Concept
https://en.wikipedia.org/wiki/Sustainable_agriculture,Growing,Concept
https://en.wikipedia.org/wiki/Sustainable_agriculture,Legume,Concept
https://en.wikipedia.org/wiki/Sustainable_agriculture,Crop,Concept
https://en.wikipedia.org/wiki/Sustainable_agriculture,Forages,Concept
https://en.wikipedia.org/wiki/Sustainable_agriculture,Peanuts,Concept
https://en.wikipedia.org/wiki/Sustainable_agriculture,Alfalfa,Concept
https://en.wikipedia.org/wiki/Sustainable_agriculture,Form,Concept
https://en.wikipedia.org/wiki/Sustainable_agriculture,Symbioses,Concept
https://en.wikipedia.org/wiki/Sustainable_agriculture,Nitrogen-Fixing,Concept
https://en.wikipedia.org/wiki/Sustainable_agriculture,Bacteria,Concept
https://en.wikipedia.org/wiki/Sustainable_agriculture,Called,Concept
https://en.wikipedia.org/wiki/Sustainable_agriculture,Rhizobia,Concept
https://en.wikipedia.org/wiki/Sustainable_agriculture,Industrial,Concept
https://en.wikipedia.org/wiki/Sustainable_agriculture,Phosphate,Concept
https://en.wikipedia.org/wiki/Sustainable_agriculture,Primary,Concept
https://en.wikipedia.org/wiki/Sustainable_agriculture,Component,Concept
https://en.wikipedia.org/wiki/Sustainable_agriculture,Fertilizer,Concept
https://en.wikipedia.org/wiki/Sustainable_agriculture,Second,Concept
https://en.wikipedia.org/wiki/Sustainable_agriculture,Plant,Concept
https://en.wikipedia.org/wiki/Sustainable_agriculture,Often,Concept
https://en.wikipedia.org/wiki/Sustainable_agriculture,Limiting,Concept
https://en.wikipedia.org/wiki/Sustainable_agriculture,Phosphorus,Concept
https://en.wikipedia.org/wiki/Sustainable_agriculture,Manufactured,Concept
https://en.wikipedia.org/wiki/Sustainable_agriculture,Rock,Concept
https://en.wikipedia.org/wiki/Sustainable_agriculture,However,Concept
https://en.wikipedia.org/wiki/Sustainable_agriculture,Being,Concept
https://en.wikipedia.org/wiki/Sustainable_agriculture,Depleted,Concept
https://en.wikipedia.org/wiki/Sustainable_agriculture,Mining,Concept
https://en.wikipedia.org/wiki/Sustainable_agriculture,Peak,Concept
https://en.wikipedia.org/wiki/Sustainable_agriculture,Occur,Concept
https://en.wikipedia.org/wiki/Sustainable_agriculture,soil health,Process
https://en.wikipedia.org/wiki/Sustainable_agriculture,Lead,Concept
https://en.wikipedia.org/wiki/Sustainable_agriculture,High,Concept
https://en.wikipedia.org/wiki/Sustainable_agriculture,Concentrations,Concept
https://en.wikipedia.org/wiki/Sustainable_agriculture,Chloride,Concept
https://en.wikipedia.org/wiki/Sustainable_agriculture,Harming,Concept
https://en.wikipedia.org/wiki/Sustainable_agriculture,Health,Concept
https://en.wikipedia.org/wiki/Sustainable_agriculture,Increase,Concept
https://en.wikipedia.org/wiki/Sustainable_agriculture,Salinity,Concept
https://en.wikipedia.org/wiki/Sustainable_agriculture,Imbalance,Concept
https://en.wikipedia.org/wiki/Sustainable_agriculture,Availability,Concept
https://en.wikipedia.org/wiki/Sustainable_agriculture,Biocidal,Concept
https://en.wikipedia.org/wiki/Sustainable_agriculture,Intergovernmental Panel,Concept
https://en.wikipedia.org/wiki/Sustainable_agriculture,Climate Change,Concept
https://en.wikipedia.org/wiki/Sustainable_agriculture,Degradation,Concept
https://en.wikipedia.org/wiki/Sustainable_agriculture,Becoming,Concept
https://en.wikipedia.org/wiki/Sustainable_agriculture,Severe,Concept
https://en.wikipedia.org/wiki/Sustainable_agriculture,Global,Concept
https://en.wikipedia.org/wiki/Sustainable_agriculture,Problem,Concept
https://en.wikipedia.org/wiki/Sustainable_agriculture,According,Concept
https://en.wikipedia.org/wiki/Sustainable_agriculture,Intergovernmental,Concept
https://en.wikipedia.org/wiki/Sustainable_agriculture,Panel,Concept
https://en.wikipedia.org/wiki/Sustainable_agriculture,Change,Concept
https://en.wikipedia.org/wiki/Sustainable_agriculture,Quarter,Concept
https://en.wikipedia.org/wiki/Sustainable_agriculture,Earth,Concept
https://en.wikipedia.org/wiki/Sustainable_agriculture,Wadi Ziqlab,Concept
https://en.wikipedia.org/wiki/Sustainable_agriculture,Middle East,Concept
https://en.wikipedia.org/wiki/Sustainable_agriculture,carbon sequestration,Process
https://en.wikipedia.org/wiki/Sustainable_agriculture,Improper,Concept
https://en.wikipedia.org/wiki/Sustainable_agriculture,Management,Concept
https://en.wikipedia.org/wiki/Sustainable_agriculture,Threatening,Concept
https://en.wikipedia.org/wiki/Sustainable_agriculture,Ability,Concept
https://en.wikipedia.org/wiki/Sustainable_agriculture,Grow,Concept
https://en.wikipedia.org/wiki/Sustainable_agriculture,Sufficient,Concept
https://en.wikipedia.org/wiki/Sustainable_agriculture,Intensive,Concept
https://en.wikipedia.org/wiki/Sustainable_agriculture,Carbon,Concept
https://en.wikipedia.org/wiki/Sustainable_agriculture,Looking,Concept
https://en.wikipedia.org/wiki/Sustainable_agriculture,Back,Concept
https://en.wikipedia.org/wiki/Sustainable_agriculture,20Th,Concept
https://en.wikipedia.org/wiki/Sustainable_agriculture,Century,Concept
https://en.wikipedia.org/wiki/Sustainable_agriculture,Shows,Concept
https://en.wikipedia.org/wiki/Sustainable_agriculture,People,Concept
https://en.wikipedia.org/wiki/Sustainable_agriculture,Poverty,Concept
https://en.wikipedia.org/wiki/Sustainable_agriculture,Following,Concept
https://en.wikipedia.org/wiki/Sustainable_agriculture,Environmentally,Concept
https://en.wikipedia.org/wiki/Sustainable_agriculture,Sound,Concept
https://en.wikipedia.org/wiki/Sustainable_agriculture,Always,Concept
https://en.wikipedia.org/wiki/Sustainable_agriculture,Faroe Islands,Concept
https://en.wikipedia.org/wiki/Sustainable_agriculture,North Atlantic,Concept
https://en.wikipedia.org/wiki/Sustainable_agriculture,Agriculture Organization,Concept
https://en.wikipedia.org/wiki/Sustainable_agriculture,United Nations,Concept
https://en.wikipedia.org/wiki/Sustainable_agriculture,International Energy Agency,Concept
https://en.wikipedia.org/wiki/Sustainable_agriculture,Modern,Concept
https://en.wikipedia.org/wiki/Sustainable_agriculture,Energy,Concept
https://en.wikipedia.org/wiki/Sustainable_agriculture,Used,Concept
https://en.wikipedia.org/wiki/Sustainable_agriculture,On-Farm,Concept
https://en.wikipedia.org/wiki/Sustainable_agriculture,Mechanisation,Concept
https://en.wikipedia.org/wiki/Sustainable_agriculture,Processing,Concept
https://en.wikipedia.org/wiki/Sustainable_agriculture,Storage,Concept
https://en.wikipedia.org/wiki/Sustainable_agriculture,Transportation,Concept
https://en.wikipedia.org/wiki/Sustainable_agriculture,Therefore,Concept
https://en.wikipedia.org/wiki/Sustainable_agriculture,UC,Organization
https://en.wikipedia.org/wiki/Sustainable_agriculture,Ogallala Aquifer,Concept
https://en.wikipedia.org/wiki/Sustainable_agriculture,Davis Agricultural Sustainability Institute,Concept
https://en.wikipedia.org/wiki/Sustainable_agriculture,Area,Concept
https://en.wikipedia.org/wiki/Sustainable_agriculture,Rainfall,Concept
https://en.wikipedia.org/wiki/Sustainable_agriculture,Available,Concept
https://en.wikipedia.org/wiki/Sustainable_agriculture,Growth,Concept
https://en.wikipedia.org/wiki/Sustainable_agriculture,Many,Concept
https://en.wikipedia.org/wiki/Sustainable_agriculture,Require,Concept
https://en.wikipedia.org/wiki/Sustainable_agriculture,Irrigation,Concept
https://en.wikipedia.org/wiki/Sustainable_agriculture,System,Concept
https://en.wikipedia.org/wiki/Sustainable_agriculture,They,Concept
https://en.wikipedia.org/wiki/Sustainable_agriculture,United States,Concept
https://en.wikipedia.org/wiki/Sustainable_agriculture,Using,Concept
https://en.wikipedia.org/wiki/Sustainable_agriculture,Reduced-Volume,Concept
https://en.wikipedia.org/wiki/Sustainable_agriculture,Managing,Concept
https://en.wikipedia.org/wiki/Sustainable_agriculture,Loss,Concept
https://en.wikipedia.org/wiki/Sustainable_agriculture,Planting,Concept
https://en.wikipedia.org/wiki/Sustainable_agriculture,Indicators,Concept
https://en.wikipedia.org/wiki/Sustainable_agriculture,Development,Concept
https://en.wikipedia.org/wiki/Sustainable_agriculture,Attempts,Concept
https://en.wikipedia.org/wiki/Sustainable_agriculture,Solve,Concept
https://en.wikipedia.org/wiki/Sustainable_agriculture,Multiple,Concept
https://en.wikipedia.org/wiki/Sustainable_agriculture,Broad,Concept
https://en.wikipedia.org/wiki/Sustainable_agriculture,Solution,Concept
https://en.wikipedia.org/wiki/Sustainable_agriculture,Goal,Concept
https://en.wikipedia.org/wiki/Sustainable_agriculture,Decrease,Concept
https://en.wikipedia.org/wiki/Sustainable_agriculture,ARS,Organization
https://en.wikipedia.org/wiki/Sustainable_agriculture,George Washington Carver,Concept
https://en.wikipedia.org/wiki/Sustainable_agriculture,Jesup Wagon,Concept
https://en.wikipedia.org/wiki/Sustainable_agriculture,Agricultural Research Service,Concept
https://en.wikipedia.org/wiki/Sustainable_agriculture,Organic Agriculture,Concept
https://en.wikipedia.org/wiki/Sustainable_agriculture,Food Security,Concept
https://en.wikipedia.org/wiki/Sustainable_agriculture,Charles Kellogg,Concept
https://en.wikipedia.org/wiki/Sustainable_agriculture,Genetically Modified Organisms,Concept
https://en.wikipedia.org/wiki/Sustainable_agriculture,Banana Bacterial Wilt,Concept
https://en.wikipedia.org/wiki/Sustainable_agriculture,National Biotechnology,Concept
https://en.wikipedia.org/wiki/Sustainable_agriculture,National Banana Research Program,Concept
https://en.wikipedia.org/wiki/Sustainable_agriculture,Regions,Concept
https://en.wikipedia.org/wiki/Sustainable_agriculture,Suitable,Concept
https://en.wikipedia.org/wiki/Sustainable_agriculture,Advancement,Concept
https://en.wikipedia.org/wiki/Sustainable_agriculture,Past,Concept
https://en.wikipedia.org/wiki/Sustainable_agriculture,Decades,Concept
https://en.wikipedia.org/wiki/Sustainable_agriculture,Allowed,Concept
https://en.wikipedia.org/wiki/Sustainable_agriculture,Develop,Concept
https://en.wikipedia.org/wiki/Sustainable_agriculture,Nepal,Concept
https://en.wikipedia.org/wiki/Sustainable_agriculture,Built,Concept
https://en.wikipedia.org/wiki/Sustainable_agriculture,Greenhouses,Concept
https://en.wikipedia.org/wiki/Sustainable_agriculture,Deal,Concept
https://en.wikipedia.org/wiki/Sustainable_agriculture,US,Organization
https://en.wikipedia.org/wiki/Sustainable_agriculture,II,Organization
https://en.wikipedia.org/wiki/Sustainable_agriculture,USA,Organization
https://en.wikipedia.org/wiki/Sustainable_agriculture,COVID,Organization
https://en.wikipedia.org/wiki/Sustainable_agriculture,World War,Concept
https://en.wikipedia.org/wiki/Sustainable_agriculture,Great Depression,Concept
https://en.wikipedia.org/wiki/Sustainable_agriculture,Economic,Concept
https://en.wikipedia.org/wiki/Sustainable_agriculture,Land Degradation Initiative,Concept
https://en.wikipedia.org/wiki/Sustainable_agriculture,Report,Concept
https://en.wikipedia.org/wiki/Sustainable_agriculture,United,Concept
https://en.wikipedia.org/wiki/Sustainable_agriculture,Nations,Concept
https://en.wikipedia.org/wiki/Sustainable_agriculture,Hunger,Concept
https://en.wikipedia.org/wiki/Sustainable_agriculture,Globally,Concept
https://en.wikipedia.org/wiki/Sustainable_agriculture,Years,Concept
https://en.wikipedia.org/wiki/Sustainable_agriculture,Funding,Concept
https://en.wikipedia.org/wiki/Sustainable_agriculture,Scarce,Concept
https://en.wikipedia.org/wiki/Sustainable_agriculture,Possible,Concept
https://en.wikipedia.org/wiki/Sustainable_agriculture,Barriers,Concept
https://en.wikipedia.org/wiki/Sustainable_agriculture,Broken,Concept
https://en.wikipedia.org/wiki/Sustainable_agriculture,Understood,Concept
https://en.wikipedia.org/wiki/Sustainable_agriculture,Three,Concept
https://en.wikipedia.org/wiki/Sustainable_agriculture,Different,Concept
https://en.wikipedia.org/wiki/Sustainable_agriculture,Dimensions,Concept
https://en.wikipedia.org/wiki/Sustainable_agriculture,Seen,Concept
https://en.wikipedia.org/wiki/Sustainable_agriculture,Core,Concept
https://en.wikipedia.org/wiki/Sustainable_agriculture,Pillars,Concept
https://en.wikipedia.org/wiki/Sustainable_agriculture,Sustainability,Concept
https://en.wikipedia.org/wiki/Sustainable_agriculture,Social,Concept
https://en.wikipedia.org/wiki/Sustainable_agriculture,Include,Concept
https://en.wikipedia.org/wiki/Sustainable_agriculture,Cultural,Concept
https://en.wikipedia.org/wiki/Sustainable_agriculture,Shifts,Concept
https://en.wikipedia.org/wiki/Sustainable_agriculture,Need,Concept
https://en.wikipedia.org/wiki/Sustainable_agriculture,Collaboration,Concept
https://en.wikipedia.org/wiki/Sustainable_agriculture,Incentives,Concept
https://en.wikipedia.org/wiki/Sustainable_agriculture,Legislation,Concept
https://en.wikipedia.org/wiki/Sustainable_agriculture,Move,Concept
https://en.wikipedia.org/wiki/Sustainable_agriculture,Conventional,Concept
https://en.wikipedia.org/wiki/Sustainable_agriculture,Prevent,Concept
https://en.wikipedia.org/wiki/Sustainable_agriculture,Protect,Concept
https://en.wikipedia.org/wiki/Sustainable_agriculture,Conserve,Concept
https://en.wikipedia.org/wiki/Sustainable_agriculture,Ecosystem,Concept
https://en.wikipedia.org/wiki/Sustainable_agriculture,Pesticides,Concept
https://en.wikipedia.org/wiki/Sustainable_agriculture,Obstacles,Concept
https://en.wikipedia.org/wiki/Sustainable_agriculture,Implementing,Concept
https://en.wikipedia.org/wiki/Sustainable_agriculture,Financial,Concept
https://en.wikipedia.org/wiki/Sustainable_agriculture,Return,Concept
https://en.wikipedia.org/wiki/Sustainable_agriculture,Profitability,Concept
https://en.wikipedia.org/wiki/Sustainable_agriculture,Lack,Concept
https://en.wikipedia.org/wiki/Sustainable_agriculture,Negligible,Concept
https://en.wikipedia.org/wiki/Sustainable_agriculture,Capital,Concept
https://en.wikipedia.org/wiki/Sustainable_agriculture,James Howard Kunstler,Concept
https://en.wikipedia.org/wiki/Sustainable_agriculture,Author,Concept
https://en.wikipedia.org/wiki/Sustainable_agriculture,James,Concept
https://en.wikipedia.org/wiki/Sustainable_agriculture,Howard,Concept
https://en.wikipedia.org/wiki/Sustainable_agriculture,Kunstler,Concept
https://en.wikipedia.org/wiki/Sustainable_agriculture,Claims,Concept
https://en.wikipedia.org/wiki/Sustainable_agriculture,Almost,Concept
https://en.wikipedia.org/wiki/Sustainable_agriculture,Cannot,Concept
https://en.wikipedia.org/wiki/Sustainable_agriculture,Unless,Concept
https://en.wikipedia.org/wiki/Sustainable_agriculture,Done,Concept
https://en.wikipedia.org/wiki/Sustainable_agriculture,Debate,Concept
https://en.wikipedia.org/wiki/Sustainable_agriculture,Definition,Concept
https://en.wikipedia.org/wiki/Sustainable_agriculture,Regarding,Concept
https://en.wikipedia.org/wiki/Sustainable_agriculture,Characterized,Concept
https://en.wikipedia.org/wiki/Sustainable_agriculture,Ecocentric,Concept
https://en.wikipedia.org/wiki/Sustainable_agriculture,Approach,Concept
https://en.wikipedia.org/wiki/Sustainable_agriculture,Technocentric,Concept
https://en.wikipedia.org/wiki/Sustainable_agriculture,Emphasizes,Concept
https://en.wikipedia.org/wiki/Sustainable_agriculture,Low-Growth,Concept
https://en.wikipedia.org/wiki/Sustainable_agriculture,Levels,Concept
https://en.wikipedia.org/wiki/Sustainable_agriculture,Professionals,Concept
https://en.wikipedia.org/wiki/Sustainable_agriculture,Agree,Concept
https://en.wikipedia.org/wiki/Sustainable_agriculture,Moral,Concept
https://en.wikipedia.org/wiki/Sustainable_agriculture,Obligation,Concept
https://en.wikipedia.org/wiki/Sustainable_agriculture,Pursue,Concept
https://en.wikipedia.org/wiki/Sustainable_agriculture,Major,Concept
https://en.wikipedia.org/wiki/Sustainable_agriculture,Provide,Concept
https://en.wikipedia.org/wiki/Sustainable_agriculture,Path,Concept
https://en.wikipedia.org/wiki/Sustainable_agriculture,Because,Concept
https://en.wikipedia.org/wiki/Sustainable_agriculture,Methods,Concept
https://en.wikipedia.org/wiki/Sustainable_agriculture,Weed,Concept
https://en.wikipedia.org/wiki/Sustainable_agriculture,Help,Concept
https://en.wikipedia.org/wiki/Sustainable_agriculture,Herbicide-Resistant,Concept
https://en.wikipedia.org/wiki/Sustainable_agriculture,Rotation,Concept
https://en.wikipedia.org/wiki/Sustainable_agriculture,Also,Concept
https://en.wikipedia.org/wiki/Sustainable_agriculture,Replenish,Concept
https://en.wikipedia.org/wiki/Sustainable_agriculture,Sustainable Intensification,Concept
https://en.wikipedia.org/wiki/Sustainable_agriculture,Vertical,Concept
https://en.wikipedia.org/wiki/Sustainable_agriculture,Concept,Concept
https://en.wikipedia.org/wiki/Sustainable_agriculture,Potential,Concept
https://en.wikipedia.org/wiki/Sustainable_agriculture,Advantages,Concept
https://en.wikipedia.org/wiki/Sustainable_agriculture,Year-Round,Concept
https://en.wikipedia.org/wiki/Sustainable_agriculture,Isolation,Concept
https://en.wikipedia.org/wiki/Sustainable_agriculture,Pests,Concept
https://en.wikipedia.org/wiki/Sustainable_agriculture,Diseases,Concept
https://en.wikipedia.org/wiki/Sustainable_agriculture,Controllable,Concept
https://en.wikipedia.org/wiki/Sustainable_agriculture,Recycling,Concept
https://en.wikipedia.org/wiki/Sustainable_agriculture,Reduced,Concept
https://en.wikipedia.org/wiki/Sustainable_agriculture,Abstinence,Concept
https://en.wikipedia.org/wiki/Sustainable_agriculture,Tillage,Concept
https://en.wikipedia.org/wiki/Sustainable_agriculture,Leaving,Concept
https://en.wikipedia.org/wiki/Sustainable_agriculture,Residue,Concept
https://en.wikipedia.org/wiki/Sustainable_agriculture,Harvesting,Concept
https://en.wikipedia.org/wiki/Sustainable_agriculture,Evaporation,Concept
https://en.wikipedia.org/wiki/Sustainable_agriculture,Serves,Concept
https://en.wikipedia.org/wiki/Sustainable_agriculture,Erosion,Concept
https://en.wikipedia.org/wiki/Sustainable_agriculture,Uptake,Concept
https://en.wikipedia.org/wiki/Sustainable_agriculture,Even,Concept
https://en.wikipedia.org/wiki/Sustainable_agriculture,Efficient,Concept
https://en.wikipedia.org/wiki/Sustainable_agriculture,Presence,Concept
https://en.wikipedia.org/wiki/Sustainable_agriculture,Mycorrhizae,Concept
https://en.wikipedia.org/wiki/Sustainable_agriculture,Mycorrhiza,Concept
https://en.wikipedia.org/wiki/Sustainable_agriculture,Type,Concept
https://en.wikipedia.org/wiki/Sustainable_agriculture,Mutualistic,Concept
https://en.wikipedia.org/wiki/Sustainable_agriculture,Symbiotic,Concept
https://en.wikipedia.org/wiki/Sustainable_agriculture,Association,Concept
https://en.wikipedia.org/wiki/Sustainable_agriculture,Fungi,Concept
https://en.wikipedia.org/wiki/Sustainable_agriculture,Relocating,Concept
https://en.wikipedia.org/wiki/Sustainable_agriculture,Current,Concept
https://en.wikipedia.org/wiki/Sustainable_agriculture,Croplands,Concept
https://en.wikipedia.org/wiki/Sustainable_agriculture,Optimal,Concept
https://en.wikipedia.org/wiki/Sustainable_agriculture,Location,Concept
https://en.wikipedia.org/wiki/Sustainable_agriculture,Whilst,Concept
https://en.wikipedia.org/wiki/Sustainable_agriculture,Allowing,Concept
https://en.wikipedia.org/wiki/Sustainable_agriculture,Then-Abandoned,Concept
https://en.wikipedia.org/wiki/Sustainable_agriculture,Regenerate,Concept
https://en.wikipedia.org/wiki/Sustainable_agriculture,Substantially,Concept
https://en.wikipedia.org/wiki/Sustainable_agriculture,cover crop,Process
https://en.wikipedia.org/wiki/Sustainable_agriculture,Involve,Concept
https://en.wikipedia.org/wiki/Sustainable_agriculture,Cover,Concept
https://en.wikipedia.org/wiki/Sustainable_agriculture,Protecting,Concept
https://en.wikipedia.org/wiki/Sustainable_agriculture,Topsoil,Concept
https://en.wikipedia.org/wiki/Sustainable_agriculture,Landscape,Concept
https://en.wikipedia.org/wiki/Sustainable_agriculture,Strategies,Concept
https://en.wikipedia.org/wiki/Sustainable_agriculture,Limited,Concept
https://en.wikipedia.org/wiki/Sustainable_agriculture,Individual,Concept
https://en.wikipedia.org/wiki/Sustainable_agriculture,Plots,Concept
https://en.wikipedia.org/wiki/Sustainable_agriculture,Considered,Concept
https://en.wikipedia.org/wiki/Sustainable_agriculture,Scale,Concept
https://en.wikipedia.org/wiki/Sustainable_agriculture,Sparing,Concept
https://en.wikipedia.org/wiki/Sustainable_agriculture,Strategy,Concept
https://en.wikipedia.org/wiki/Sustainable_agriculture,Strictly,Concept
https://en.wikipedia.org/wiki/Sustainable_agriculture,Separating,Concept
https://en.wikipedia.org/wiki/Sustainable_agriculture,Dedicated,Concept
https://en.wikipedia.org/wiki/Sustainable_agriculture,Habitats,Concept
https://en.wikipedia.org/wiki/Sustainable_agriculture,Promotes,Concept
https://en.wikipedia.org/wiki/Sustainable_agriculture,Increasing,Concept
https://en.wikipedia.org/wiki/Sustainable_agriculture,Previously,Concept
https://en.wikipedia.org/wiki/Sustainable_agriculture,Described,Concept
https://en.wikipedia.org/wiki/Sustainable_agriculture,Mixed,Concept
https://en.wikipedia.org/wiki/Sustainable_agriculture,Ambiguous,Concept
https://en.wikipedia.org/wiki/Sustainable_agriculture,Ecology,Concept
https://en.wikipedia.org/wiki/Sustainable_agriculture,Blending,Concept
https://en.wikipedia.org/wiki/Sustainable_agriculture,Intermediate,Concept
https://en.wikipedia.org/wiki/Sustainable_agriculture,Sharing,Concept
https://en.wikipedia.org/wiki/Sustainable_agriculture,Plethora,Concept
https://en.wikipedia.org/wiki/Sustainable_agriculture,Techniques,Concept
https://en.wikipedia.org/wiki/Sustainable_agriculture,Employed,Concept
https://en.wikipedia.org/wiki/Sustainable_agriculture,Practicing,Concept
https://en.wikipedia.org/wiki/Sustainable_agriculture,Unique,Concept
https://en.wikipedia.org/wiki/Sustainable_agriculture,Benefits,Concept
https://en.wikipedia.org/wiki/Sustainable_agriculture,Implementations,Concept
https://en.wikipedia.org/wiki/Sustainable_agriculture,Precision Agriculture,Concept
https://en.wikipedia.org/wiki/Sustainable_agriculture,Organic,Concept
https://en.wikipedia.org/wiki/Sustainable_agriculture,Animal,Concept
https://en.wikipedia.org/wiki/Sustainable_agriculture,Green,Concept
https://en.wikipedia.org/wiki/Sustainable_agriculture,Manure,Concept
https://en.wikipedia.org/wiki/Sustainable_agriculture,Allows,Concept
https://en.wikipedia.org/wiki/Sustainable_agriculture,Fertility,Concept
https://en.wikipedia.org/wiki/Sustainable_agriculture,Improved,Concept
https://en.wikipedia.org/wiki/Sustainable_agriculture,Well-Maintained,Concept
https://en.wikipedia.org/wiki/Sustainable_agriculture,Pioneering,Concept
https://en.wikipedia.org/wiki/Sustainable_agriculture,Practical,Concept
https://en.wikipedia.org/wiki/Sustainable_agriculture,Aims,Concept
https://en.wikipedia.org/wiki/Sustainable_agriculture,Create,Concept
https://en.wikipedia.org/wiki/Sustainable_agriculture,Encourages,Concept
https://en.wikipedia.org/wiki/Sustainable_agriculture,Design,Concept
https://en.wikipedia.org/wiki/Sustainable_agriculture,Initially,Concept
https://en.wikipedia.org/wiki/Sustainable_agriculture,Constrained,Concept
https://en.wikipedia.org/wiki/Sustainable_agriculture,Limitations,Concept
https://en.wikipedia.org/wiki/Sustainable_agriculture,Local,Concept
https://en.wikipedia.org/wiki/Sustainable_agriculture,Physical,Concept
https://en.wikipedia.org/wiki/Sustainable_agriculture,Properties,Concept
https://en.wikipedia.org/wiki/Sustainable_agriculture,Budget,Concept
https://en.wikipedia.org/wiki/Sustainable_agriculture,Forest Gardens,Concept
https://en.wikipedia.org/wiki/Sustainable_agriculture,In South,Concept
https://en.wikipedia.org/wiki/Sustainable_agriculture,East Asia,Concept
https://en.wikipedia.org/wiki/Sustainable_agriculture,Apply,Concept
https://en.wikipedia.org/wiki/Sustainable_agriculture,Value,Concept
https://en.wikipedia.org/wiki/Sustainable_agriculture,Knowledge-Base,Concept
https://en.wikipedia.org/wiki/Sustainable_agriculture,Advanced,Concept
https://en.wikipedia.org/wiki/Sustainable_agriculture,Data,Concept
https://en.wikipedia.org/wiki/Sustainable_agriculture,Base,Concept
https://en.wikipedia.org/wiki/Sustainable_agriculture,Microorganisms,Concept
https://en.wikipedia.org/wiki/Sustainable_agriculture,Discoveries,Concept
https://en.wikipedia.org/wiki/Sustainable_agriculture,GDP,Organization
https://en.wikipedia.org/wiki/Sustainable_agriculture,Waru Waru,Concept
https://en.wikipedia.org/wiki/Sustainable_agriculture,Amazon Basin,Concept
https://en.wikipedia.org/wiki/Sustainable_agriculture,In Ethiopia,Concept
https://en.wikipedia.org/wiki/Sustainable_agriculture,Indigenous Agriculture,Concept
https://en.wikipedia.org/wiki/Sustainable_agriculture,North America Native Americans,Concept
https://en.wikipedia.org/wiki/Sustainable_agriculture,Native American,Concept
https://en.wikipedia.org/wiki/Sustainable_agriculture,Three Sisters Garden,Concept
https://en.wikipedia.org/wiki/Sustainable_agriculture,Tribes,Concept
https://en.wikipedia.org/wiki/Sustainable_agriculture,Incorporated,Concept
https://en.wikipedia.org/wiki/Sustainable_agriculture,Intercropping,Concept
https://en.wikipedia.org/wiki/Sustainable_agriculture,Planted,Concept
https://en.wikipedia.org/wiki/Sustainable_agriculture,Together,Concept
https://en.wikipedia.org/wiki/Sustainable_agriculture,Anishinaabe,Concept
https://en.wikipedia.org/wiki/Sustainable_agriculture,Honorable Harvest,Concept
https://en.wikipedia.org/wiki/Sustainable_agriculture,Regenerative,Concept
https://en.wikipedia.org/wiki/Sustainable_agriculture,Rehabilitation,Concept
https://en.wikipedia.org/wiki/Sustainable_agriculture,Focuses,Concept
https://en.wikipedia.org/wiki/Sustainable_agriculture,Improving,Concept
https://en.wikipedia.org/wiki/Sustainable_agriculture,Bill Mollison,Concept
https://en.wikipedia.org/wiki/Sustainable_agriculture,David Holmgren,Concept
https://en.wikipedia.org/wiki/Sustainable_agriculture,Permaculture,Concept
https://en.wikipedia.org/wiki/Sustainable_agriculture,Settlement,Concept
https://en.wikipedia.org/wiki/Sustainable_agriculture,Adopts,Concept
https://en.wikipedia.org/wiki/Sustainable_agriculture,Arrangements,Concept
https://en.wikipedia.org/wiki/Sustainable_agriculture,Observed,Concept
https://en.wikipedia.org/wiki/Sustainable_agriculture,Flourishing,Concept
https://en.wikipedia.org/wiki/Sustainable_agriculture,Permaculture One,Concept
https://en.wikipedia.org/wiki/Sustainable_agriculture,Permaculture Design Course,Concept
https://en.wikipedia.org/wiki/Sustainable_agriculture,Southern Australia,Concept
https://en.wikipedia.org/wiki/Sustainable_agriculture,Thinkers,Concept
https://en.wikipedia.org/wiki/Sustainable_agriculture,Early,Concept
https://en.wikipedia.org/wiki/Sustainable_agriculture,Mid-20Th,Concept
https://en.wikipedia.org/wiki/Sustainable_agriculture,Explored,Concept
https://en.wikipedia.org/wiki/Sustainable_agriculture,No-Dig,Concept
https://en.wikipedia.org/wiki/Sustainable_agriculture,Gardening,Concept
https://en.wikipedia.org/wiki/Sustainable_agriculture,No-Till,Concept
https://en.wikipedia.org/wiki/Sustainable_agriculture,Permanent,Concept
https://en.wikipedia.org/wiki/Sustainable_agriculture,Popular,Concept
https://en.wikipedia.org/wiki/Sustainable_agriculture,Movement,Concept
https://en.wikipedia.org/wiki/Sustainable_agriculture,Largely,Concept
https://en.wikipedia.org/wiki/Sustainable_agriculture,Isolated,Concept
https://en.wikipedia.org/wiki/Sustainable_agriculture,Scientific,Concept
https://en.wikipedia.org/wiki/Sustainable_agriculture,Literature,Concept
https://en.wikipedia.org/wiki/Sustainable_agriculture,Criticised,Concept
https://en.wikipedia.org/wiki/Sustainable_agriculture,Clear,Concept
https://en.wikipedia.org/wiki/Sustainable_agriculture,City,Concept
https://en.wikipedia.org/wiki/Sustainable_agriculture,Space,Concept
https://en.wikipedia.org/wiki/Sustainable_agriculture,Rooftop,Concept
https://en.wikipedia.org/wiki/Sustainable_agriculture,Garden,Concept
https://en.wikipedia.org/wiki/Sustainable_agriculture,Community,Concept
https://en.wikipedia.org/wiki/Sustainable_agriculture,Urban,Concept
https://en.wikipedia.org/wiki/Sustainable_agriculture,Able,Concept
https://en.wikipedia.org/wiki/Sustainable_agriculture,Contribute,Concept
https://en.wikipedia.org/wiki/Sustainable_agriculture,VSS,Organization
https://en.wikipedia.org/wiki/Sustainable_agriculture,Voluntary Sustainability Standards,Concept
https://en.wikipedia.org/wiki/Sustainable_agriculture,ITC,Organization
https://en.wikipedia.org/wiki/Sustainable_agriculture,Label,Concept
https://en.wikipedia.org/wiki/Sustainable_agriculture,Supported,Concept
https://en.wikipedia.org/wiki/Sustainable_agriculture,Nationalized,Concept
https://en.wikipedia.org/wiki/Sustainable_agriculture,Standards,Concept
https://en.wikipedia.org/wiki/Sustainable_agriculture,Farmers,Concept
https://en.wikipedia.org/wiki/Sustainable_agriculture,Facilities,Concept
https://en.wikipedia.org/wiki/Sustainable_agriculture,Steps,Concept
https://en.wikipedia.org/wiki/Sustainable_agriculture,Certification,Concept
https://en.wikipedia.org/wiki/Sustainable_agriculture,Consist,Concept
https://en.wikipedia.org/wiki/Sustainable_agriculture,Creating,Concept
https://en.wikipedia.org/wiki/Sustainable_agriculture,Plan,Concept
https://en.wikipedia.org/wiki/Sustainable_agriculture,Commission,Concept
https://en.wikipedia.org/wiki/Sustainable_agriculture,Topic,Concept
https://en.wikipedia.org/wiki/Sustainable_agriculture,International,Concept
https://en.wikipedia.org/wiki/Sustainable_agriculture,Policy,Concept
https://en.wikipedia.org/wiki/Sustainable_agriculture,Concerning,Concept
https://en.wikipedia.org/wiki/Sustainable_agriculture,Risks,Concept
https://en.wikipedia.org/wiki/Sustainable_agriculture,CO,Organization
https://en.wikipedia.org/wiki/Sustainable_agriculture,United Nations Climate Change,Concept
https://en.wikipedia.org/wiki/Sustainable_agriculture,Slow Food,Concept
https://en.wikipedia.org/wiki/Sustainable_agriculture,In November,Concept
https://en.wikipedia.org/wiki/Sustainable_agriculture,Climate Action Tracker,Concept
https://en.wikipedia.org/wiki/Sustainable_agriculture,In May,Concept
https://en.wikipedia.org/wiki/Sustainable_agriculture,European Union,Concept
https://en.wikipedia.org/wiki/Sustainable_agriculture,From Farm,Concept
https://en.wikipedia.org/wiki/Sustainable_agriculture,Frans Timmermans,Concept
https://en.wikipedia.org/wiki/Sustainable_agriculture,Executive Vice,Concept
https://en.wikipedia.org/wiki/Sustainable_agriculture,European Commission,Concept
https://en.wikipedia.org/wiki/Sustainable_agriculture,EU,Organization
https://en.wikipedia.org/wiki/Sustainable_agriculture,Green Deal,Concept
https://en.wikipedia.org/wiki/Sustainable_agriculture,Coronavirus,Concept
https://en.wikipedia.org/wiki/Sustainable_agriculture,Crisis,Concept
https://en.wikipedia.org/wiki/Sustainable_agriculture,Shown,Concept
https://en.wikipedia.org/wiki/Sustainable_agriculture,Vulnerable,Concept
https://en.wikipedia.org/wiki/Sustainable_agriculture,Restore,Concept
https://en.wikipedia.org/wiki/Sustainable_agriculture,Balance,Concept
https://en.wikipedia.org/wiki/Sustainable_agriculture,Activity,Concept
https://en.wikipedia.org/wiki/Sustainable_agriculture,Nature,Concept
https://en.wikipedia.org/wiki/Sustainable_agriculture,Heart,Concept
https://en.wikipedia.org/wiki/Sustainable_agriculture,New Deal,Concept
https://en.wikipedia.org/wiki/Sustainable_agriculture,Agriculture Adjustment Act,Concept
https://en.wikipedia.org/wiki/Sustainable_agriculture,Cooperative Extension Service,Concept
https://en.wikipedia.org/wiki/Sustainable_agriculture,WWII,Organization
https://en.wikipedia.org/wiki/Sustainable_agriculture,Agricultural Act,Concept
https://en.wikipedia.org/wiki/Sustainable_agriculture,Consumer Protection Act,Concept
https://en.wikipedia.org/wiki/Sustainable_agriculture,Food Security Act,Concept
https://en.wikipedia.org/wiki/Sustainable_agriculture,SARE,Organization
https://en.wikipedia.org/wiki/Sustainable_agriculture,UK,Organization
https://en.wikipedia.org/wiki/Sustainable_agriculture,SAIN,Organization
https://en.wikipedia.org/wiki/Sustainable_agriculture,Natural Resources Conservation Service,Concept
https://en.wikipedia.org/wiki/Sustainable_agriculture,Green New Deal,Concept
https://en.wikipedia.org/wiki/Sustainable_agriculture,Leah Penniman,Concept
https://en.wikipedia.org/wiki/Sustainable_agriculture,Soul Fire Farm,Concept
https://en.wikipedia.org/wiki/Sustainable_agriculture,Farming While Black,Concept
https://en.wikipedia.org/wiki/Sustainable_agriculture,Practical Guide,Concept
https://en.wikipedia.org/wiki/Sustainable_agriculture,Like Penniman,Concept
https://en.wikipedia.org/wiki/Sustainable_agriculture,STB,Organization
https://en.wikipedia.org/wiki/Sustainable_agriculture,National Basic Research Program,Concept
https://en.wikipedia.org/wiki/Sustainable_agriculture,Technology Backyard,Concept
https://en.wikipedia.org/wiki/Sustainable_agriculture,Chinese,Concept
https://en.wikipedia.org/wiki/Sustainable_agriculture,Government,Concept
https://en.wikipedia.org/wiki/Sustainable_agriculture,Adopted,Concept
https://en.wikipedia.org/wiki/Sustainable_agriculture,China,Concept
https://en.wikipedia.org/wiki/Sustainable_agriculture,Meat,Concept
https://en.wikipedia.org/wiki/Sustainable_agriculture,Consumption,Concept
https://en.wikipedia.org/wiki/Sustainable_agriculture,Achieving,Concept
https://en.wikipedia.org/wiki/Sustainable_agriculture,Healthy,Concept
https://en.wikipedia.org/wiki/Sustainable_agriculture,FOLU,Organization
https://en.wikipedia.org/wiki/Sustainable_agriculture,CEEW,Organization
https://en.wikipedia.org/wiki/Sustainable_agriculture,Land Use Coalition,Concept
https://en.wikipedia.org/wiki/Sustainable_agriculture,Indian Agriculture,Concept
https://en.wikipedia.org/wiki/Sustainable_agriculture,organic farming,Process
https://en.wikipedia.org/wiki/Sustainable_agriculture,India,Location
https://en.wikipedia.org/wiki/Sustainable_agriculture,Pragati Chaswal,Concept
https://en.wikipedia.org/wiki/Sustainable_agriculture,Israeli Ministry,Concept
https://en.wikipedia.org/wiki/Sustainable_agriculture,Forty Centuries,Concept
https://en.wikipedia.org/wiki/Sustainable_agriculture,International Society,Concept
https://en.wikipedia.org/wiki/Sustainable_agriculture,Horticultural Science,Concept
https://en.wikipedia.org/wiki/Sustainable_agriculture,International Horticultural Congress,Concept
https://en.wikipedia.org/wiki/Sustainable_agriculture,Thomas Malthus,Concept
https://en.wikipedia.org/wiki/Sustainable_agriculture,Agricultural Sustainability Institute,Concept
https://en.wikipedia.org/wiki/Sustainable_agriculture,National Agricultural Library,Concept
https://en.wikipedia.org/wiki/Sustainable_agriculture,FAO,Organization
https://en.wikipedia.org/wiki/Sustainable_agriculture,GHG,Organization
https://en.wikipedia.org/wiki/Sustainable_agriculture,ISSN,Organization
https://en.wikipedia.org/wiki/Sustainable_agriculture,PMID,Organization
https://en.wikipedia.org/wiki/Sustainable_agriculture,ISBN,Organization
https://en.wikipedia.org/wiki/Sustainable_agriculture,PMC,Organization
https://en.wikipedia.org/wiki/Sustainable_agriculture,Ontario Ministry,Concept
https://en.wikipedia.org/wiki/Sustainable_agriculture,Rural Affairs,Concept
https://en.wikipedia.org/wiki/Sustainable_agriculture,News Article,Concept
https://en.wikipedia.org/wiki/Sustainable_agriculture,Nature Food,Concept
https://en.wikipedia.org/wiki/Sustainable_agriculture,Earth Policy Institute,Concept
https://en.wikipedia.org/wiki/Sustainable_agriculture,Resilient Farm,Concept
https://en.wikipedia.org/wiki/Sustainable_agriculture,An Innovative Permaculture,Concept
https://en.wikipedia.org/wiki/Sustainable_agriculture,Whole Systems Design Approach,Concept
https://en.wikipedia.org/wiki/Sustainable_agriculture,Chelsea Green,Concept
https://en.wikipedia.org/wiki/Sustainable_agriculture,Wild Nature,Concept
https://en.wikipedia.org/wiki/Sustainable_agriculture,Sustainable Diets,Concept
https://en.wikipedia.org/wiki/Sustainable_agriculture,Nutrition Education,Concept
https://en.wikipedia.org/wiki/Sustainable_agriculture,Importance,Concept
https://en.wikipedia.org/wiki/Sustainable_agriculture,Including Environmental Sustainability,Concept
https://en.wikipedia.org/wiki/Sustainable_agriculture,Dietary Guidance,Concept
https://en.wikipedia.org/wiki/Sustainable_agriculture,Nutrition Society,Concept
https://en.wikipedia.org/wiki/Sustainable_agriculture,PDF,Organization
https://en.wikipedia.org/wiki/Sustainable_agriculture,JSTOR,Organization
https://en.wikipedia.org/wiki/Sustainable_agriculture,National Agricultural Research,Concept
https://en.wikipedia.org/wiki/Sustainable_agriculture,Teaching Policy Act,Concept
https://en.wikipedia.org/wiki/Sustainable_agriculture,Political,Concept
https://en.wikipedia.org/wiki/Sustainable_agriculture,Economic Consequences,Concept
https://en.wikipedia.org/wiki/Sustainable_agriculture,Defining Sustainable Agriculture,Concept
https://en.wikipedia.org/wiki/Sustainable_agriculture,Sociology Compass,Concept
https://en.wikipedia.org/wiki/Sustainable_agriculture,Development Review,Concept
https://en.wikipedia.org/wiki/Sustainable_agriculture,Human Overpopulation,Concept
https://en.wikipedia.org/wiki/Sustainable_agriculture,Agriculture Sustainability,Concept
https://en.wikipedia.org/wiki/Sustainable_agriculture,SSRN,Organization
https://en.wikipedia.org/wiki/Sustainable_agriculture,Philosophical Transactions,Concept
https://en.wikipedia.org/wiki/Sustainable_agriculture,Royal Society,Concept
https://en.wikipedia.org/wiki/Sustainable_agriculture,Biological Sciences,Concept
https://en.wikipedia.org/wiki/Sustainable_agriculture,Water Conservation,Concept
https://en.wikipedia.org/wiki/Sustainable_agriculture,Sustainable Agriculture Research,Concept
https://en.wikipedia.org/wiki/Sustainable_agriculture,Education Program,Concept
https://en.wikipedia.org/wiki/Sustainable_agriculture,Farming Systems,Concept
https://en.wikipedia.org/wiki/Sustainable_agriculture,Efficient Irrigation,Concept
https://en.wikipedia.org/wiki/Sustainable_agriculture,Pest Control,Concept
https://en.wikipedia.org/wiki/Sustainable_agriculture,Ghassan Faisal,Concept
https://en.wikipedia.org/wiki/Sustainable_agriculture,Vinod Chandra,Concept
https://en.wikipedia.org/wiki/Sustainable_agriculture,Driven Future Farming,Concept
https://en.wikipedia.org/wiki/Sustainable_agriculture,Achieving Climate,Concept
https://en.wikipedia.org/wiki/Sustainable_agriculture,Food System,Concept
https://en.wikipedia.org/wiki/Sustainable_agriculture,From Local Solutions,Concept
https://en.wikipedia.org/wiki/Sustainable_agriculture,Scale Adoption,Concept
https://en.wikipedia.org/wiki/Sustainable_agriculture,Annual Review,Concept
https://en.wikipedia.org/wiki/Sustainable_agriculture,Resource Economics,Concept
https://en.wikipedia.org/wiki/Sustainable_agriculture,Producing Solar Energy While,Concept
https://en.wikipedia.org/wiki/Sustainable_agriculture,Protecting Farmland,Concept
https://en.wikipedia.org/wiki/Sustainable_agriculture,Yale Center,Concept
https://en.wikipedia.org/wiki/Sustainable_agriculture,FA,Organization
https://en.wikipedia.org/wiki/Sustainable_agriculture,RR,Organization
https://en.wikipedia.org/wiki/Sustainable_agriculture,BMC,Organization
https://en.wikipedia.org/wiki/Sustainable_agriculture,Field Crops Research,Concept
https://en.wikipedia.org/wiki/Sustainable_agriculture,Applied Biological Chemistry,Concept
https://en.wikipedia.org/wiki/Sustainable_agriculture,Rainforest Concern,Concept
https://en.wikipedia.org/wiki/Sustainable_agriculture,Current Science,Concept
https://en.wikipedia.org/wiki/Sustainable_agriculture,Livestock Science,Concept
https://en.wikipedia.org/wiki/Sustainable_agriculture,Current Progress,Concept
https://en.wikipedia.org/wiki/Sustainable_agriculture,Nitrogen Fixing Plants,Concept
https://en.wikipedia.org/wiki/Sustainable_agriculture,Microbiome Research,Concept
https://en.wikipedia.org/wiki/Sustainable_agriculture,National Academy,Concept
https://en.wikipedia.org/wiki/Sustainable_agriculture,Mining Lands Management,Concept
https://en.wikipedia.org/wiki/Sustainable_agriculture,Mohammad Saghir,Concept
https://en.wikipedia.org/wiki/Sustainable_agriculture,Sustainable Development,Concept
https://en.wikipedia.org/wiki/Sustainable_agriculture,Sustainable Phosphorus Measures,Concept
https://en.wikipedia.org/wiki/Sustainable_agriculture,Achieving Phosphorus Security,Concept
https://en.wikipedia.org/wiki/Sustainable_agriculture,IFDC,Organization
https://en.wikipedia.org/wiki/Sustainable_agriculture,SM,Organization
https://en.wikipedia.org/wiki/Sustainable_agriculture,AL,Organization
https://en.wikipedia.org/wiki/Sustainable_agriculture,Changing Environmental Condition,Concept
https://en.wikipedia.org/wiki/Sustainable_agriculture,Use Efficiency,Concept
https://en.wikipedia.org/wiki/Sustainable_agriculture,Changing Climate,Concept
https://en.wikipedia.org/wiki/Sustainable_agriculture,Resource Use Efficiency,Concept
https://en.wikipedia.org/wiki/Sustainable_agriculture,Academic Press,Concept
https://en.wikipedia.org/wiki/Sustainable_agriculture,Feeding Practices,Concept
https://en.wikipedia.org/wiki/Sustainable_agriculture,Woodhead Publishing,Concept
https://en.wikipedia.org/wiki/Sustainable_agriculture,Report Indicates Adequate Phosphorus,Concept
https://en.wikipedia.org/wiki/Sustainable_agriculture,Resources Archived,Concept
https://en.wikipedia.org/wiki/Sustainable_agriculture,Wayback Machine,Concept
https://en.wikipedia.org/wiki/Sustainable_agriculture,Mineral Commodity Summaries,Concept
https://en.wikipedia.org/wiki/Sustainable_agriculture,Geological Survey,Concept
https://en.wikipedia.org/wiki/Sustainable_agriculture,Van Kauwenbergh,Concept
https://en.wikipedia.org/wiki/Sustainable_agriculture,World Phosphate Rock Reserves,Concept
https://en.wikipedia.org/wiki/Sustainable_agriculture,Muscle Shoals,Concept
https://en.wikipedia.org/wiki/Sustainable_agriculture,International Fertilizer Development Center,Concept
https://en.wikipedia.org/wiki/Sustainable_agriculture,Earth System Dynamics,Concept
https://en.wikipedia.org/wiki/Sustainable_agriculture,Global Environmental Change,Concept
https://en.wikipedia.org/wiki/Sustainable_agriculture,Peak Phosphorus,Concept
https://en.wikipedia.org/wiki/Sustainable_agriculture,Key Issues,Concept
https://en.wikipedia.org/wiki/Sustainable_agriculture,Vigorous Debate,Concept
https://en.wikipedia.org/wiki/Sustainable_agriculture,Term Phosphorus Security,Concept
https://en.wikipedia.org/wiki/Sustainable_agriculture,Potash Price Close,Concept
https://en.wikipedia.org/wiki/Sustainable_agriculture,Future Outlook,Concept
https://en.wikipedia.org/wiki/Sustainable_agriculture,AAB,Organization
https://en.wikipedia.org/wiki/Sustainable_agriculture,Tadeu Alves,Concept
https://en.wikipedia.org/wiki/Sustainable_agriculture,Rosimeire Dantas,Concept
https://en.wikipedia.org/wiki/Sustainable_agriculture,Inez Pereira,Concept
https://en.wikipedia.org/wiki/Sustainable_agriculture,Polyanna Mara,Concept
https://en.wikipedia.org/wiki/Sustainable_agriculture,Revista Ceres,Concept
https://en.wikipedia.org/wiki/Sustainable_agriculture,Experimental Botany,Concept
https://en.wikipedia.org/wiki/Sustainable_agriculture,Vieira Megda,Concept
https://en.wikipedia.org/wiki/Sustainable_agriculture,Michele Xavier,Concept
https://en.wikipedia.org/wiki/Sustainable_agriculture,Soil Biology,Concept
https://en.wikipedia.org/wiki/Sustainable_agriculture,Cell Physiology,Concept
https://en.wikipedia.org/wiki/Sustainable_agriculture,David Gabriel Campos,Concept
https://en.wikipedia.org/wiki/Sustainable_agriculture,Isadora Alves,Concept
https://en.wikipedia.org/wiki/Sustainable_agriculture,Marcio Mahmoud,Concept
https://en.wikipedia.org/wiki/Sustainable_agriculture,Jailson Lopes,Concept
https://en.wikipedia.org/wiki/Sustainable_agriculture,Organic Soil Amendments,Concept
https://en.wikipedia.org/wiki/Sustainable_agriculture,Organic Sources,Concept
https://en.wikipedia.org/wiki/Sustainable_agriculture,Plant Nutrient Management,Concept
https://en.wikipedia.org/wiki/Sustainable_agriculture,Subtropical Agriculture,Concept
https://en.wikipedia.org/wiki/Sustainable_agriculture,IPCC,Organization
https://en.wikipedia.org/wiki/Sustainable_agriculture,CEP,Organization
https://en.wikipedia.org/wiki/Sustainable_agriculture,JP,Organization
https://en.wikipedia.org/wiki/Sustainable_agriculture,RI,Organization
https://en.wikipedia.org/wiki/Sustainable_agriculture,JF,Organization
https://en.wikipedia.org/wiki/Sustainable_agriculture,Is There,Concept
https://en.wikipedia.org/wiki/Sustainable_agriculture,More Sustainable Agriculture,Concept
https://en.wikipedia.org/wiki/Sustainable_agriculture,Critical Review,Concept
https://en.wikipedia.org/wiki/Sustainable_agriculture,Plant Sciences,Concept
https://en.wikipedia.org/wiki/Sustainable_agriculture,Musokotwane Environment Resource Centre,Concept
https://en.wikipedia.org/wiki/Sustainable_agriculture,Southern Africa,Concept
https://en.wikipedia.org/wiki/Sustainable_agriculture,Scientific American,Concept
https://en.wikipedia.org/wiki/Sustainable_agriculture,CRC,Organization
https://en.wikipedia.org/wiki/Sustainable_agriculture,OCLC,Organization
https://en.wikipedia.org/wiki/Sustainable_agriculture,Food Policy,Concept
https://en.wikipedia.org/wiki/Sustainable_agriculture,Bobby Alton,Concept
https://en.wikipedia.org/wiki/Sustainable_agriculture,Boca Raton,Concept
https://en.wikipedia.org/wiki/Sustainable_agriculture,Solid Earth,Concept
https://en.wikipedia.org/wiki/Sustainable_agriculture,Rural Poverty,Concept
https://en.wikipedia.org/wiki/Sustainable_agriculture,Environmental Management,Concept
https://en.wikipedia.org/wiki/Sustainable_agriculture,An International Journal,Concept
https://en.wikipedia.org/wiki/Sustainable_agriculture,Holistic Mission Studies,Concept
https://en.wikipedia.org/wiki/Sustainable_agriculture,PLOS,Organization
https://en.wikipedia.org/wiki/Sustainable_agriculture,UN,Organization
https://en.wikipedia.org/wiki/Sustainable_agriculture,WHO,Organization
https://en.wikipedia.org/wiki/Sustainable_agriculture,Does Land Degradation Increase,Concept
https://en.wikipedia.org/wiki/Sustainable_agriculture,Developing Countries,Concept
https://en.wikipedia.org/wiki/Sustainable_agriculture,United Nations Environmental Programm,Concept
https://en.wikipedia.org/wiki/Sustainable_agriculture,Guardian,Concept
https://en.wikipedia.org/wiki/Sustainable_agriculture,Norse Faroe,Concept
https://en.wikipedia.org/wiki/Sustainable_agriculture,Human Ecology,Concept
https://en.wikipedia.org/wiki/Sustainable_agriculture,World Agriculture,Concept
https://en.wikipedia.org/wiki/Sustainable_agriculture,Energy Smart Food,Concept
https://en.wikipedia.org/wiki/Sustainable_agriculture,ASI,Organization
https://en.wikipedia.org/wiki/Sustainable_agriculture,Natural Resources Forum,Concept
https://en.wikipedia.org/wiki/Sustainable_agriculture,Muhammad Usman,Concept
https://en.wikipedia.org/wiki/Sustainable_agriculture,Energy Reports,Concept
https://en.wikipedia.org/wiki/Sustainable_agriculture,Irrigation Systems,Concept
https://en.wikipedia.org/wiki/Sustainable_agriculture,Urban Agriculture,Concept
https://en.wikipedia.org/wiki/Sustainable_agriculture,Improve Cities,Concept
https://en.wikipedia.org/wiki/Sustainable_agriculture,Urban Land,Concept
https://en.wikipedia.org/wiki/Sustainable_agriculture,TIME,Organization
https://en.wikipedia.org/wiki/Sustainable_agriculture,Farming Practices,Concept
https://en.wikipedia.org/wiki/Sustainable_agriculture,World Wildlife Fund,Concept
https://en.wikipedia.org/wiki/Sustainable_agriculture,Farmers Are Using Wool,Concept
https://en.wikipedia.org/wiki/Sustainable_agriculture,Save Water,Concept
https://en.wikipedia.org/wiki/Sustainable_agriculture,Reproach,Concept
https://en.wikipedia.org/wiki/Sustainable_agriculture,First Century,Concept
https://en.wikipedia.org/wiki/Sustainable_agriculture,My Work Is That,Concept
https://en.wikipedia.org/wiki/Sustainable_agriculture,An Environmental Biography,Concept
https://en.wikipedia.org/wiki/Sustainable_agriculture,Georgia Press,Concept
https://en.wikipedia.org/wiki/Sustainable_agriculture,Regenerative Agriculture,Concept
https://en.wikipedia.org/wiki/Sustainable_agriculture,One Earth,Concept
https://en.wikipedia.org/wiki/Sustainable_agriculture,Retrieved April,Concept
https://en.wikipedia.org/wiki/Sustainable_agriculture,Gale Virtual Reference Library,Concept
https://en.wikipedia.org/wiki/Sustainable_agriculture,Virus Research,Concept
https://en.wikipedia.org/wiki/Sustainable_agriculture,Energy Security,Concept
https://en.wikipedia.org/wiki/Sustainable_agriculture,Inherit It,Concept
https://en.wikipedia.org/wiki/Sustainable_agriculture,Marry It,Concept
https://en.wikipedia.org/wiki/Sustainable_agriculture,Exploring How Women Engaged,Concept
https://en.wikipedia.org/wiki/Sustainable_agriculture,Sustainable Agriculture Access Farmland,Concept
https://en.wikipedia.org/wiki/Sustainable_agriculture,Academic Search Complete,Concept
https://en.wikipedia.org/wiki/Sustainable_agriculture,Mondem Sudhakara,Concept
https://en.wikipedia.org/wiki/Sustainable_agriculture,Solubilizing Bacteria,Concept
https://en.wikipedia.org/wiki/Sustainable_agriculture,Rock Phosphate,Concept
https://en.wikipedia.org/wiki/Sustainable_agriculture,Chemical Fertilizers,Concept
https://en.wikipedia.org/wiki/Sustainable_agriculture,Wheat Cropping Cycle,Concept
https://en.wikipedia.org/wiki/Sustainable_agriculture,Membrane Science,Concept
https://en.wikipedia.org/wiki/Sustainable_agriculture,Food Garden,Concept
https://en.wikipedia.org/wiki/Sustainable_agriculture,How Growing Your Own,Concept
https://en.wikipedia.org/wiki/Sustainable_agriculture,Vegetables Can Ease Food,Concept
https://en.wikipedia.org/wiki/Sustainable_agriculture,Supply Anxiety,Concept
https://en.wikipedia.org/wiki/Sustainable_agriculture,Support Health,Concept
https://en.wikipedia.org/wiki/Sustainable_agriculture,Food Revolution Network,Concept
https://en.wikipedia.org/wiki/Sustainable_agriculture,Farm Families,Concept
https://en.wikipedia.org/wiki/Sustainable_agriculture,Stanford Univ,Concept
https://en.wikipedia.org/wiki/Sustainable_agriculture,Palo Alto,Concept
https://en.wikipedia.org/wiki/Sustainable_agriculture,Earthscan Publ,Concept
https://en.wikipedia.org/wiki/Sustainable_agriculture,Barbosa Junior,Concept
https://en.wikipedia.org/wiki/Sustainable_agriculture,Carla Cristiane,Concept
https://en.wikipedia.org/wiki/Sustainable_agriculture,Identify Barriers,Concept
https://en.wikipedia.org/wiki/Sustainable_agriculture,Study Based,Concept
https://en.wikipedia.org/wiki/Sustainable_agriculture,Criteria Model,Concept
https://en.wikipedia.org/wiki/Sustainable_agriculture,South West China,Concept
https://en.wikipedia.org/wiki/Sustainable_agriculture,Agricultural Systems,Concept
https://en.wikipedia.org/wiki/Sustainable_agriculture,Sustainable Food Systems,Concept
https://en.wikipedia.org/wiki/Sustainable_agriculture,Renewable Agriculture,Concept
https://en.wikipedia.org/wiki/Sustainable_agriculture,Netherlands,Concept
https://en.wikipedia.org/wiki/Sustainable_agriculture,International Journal,Concept
https://en.wikipedia.org/wiki/Sustainable_agriculture,Agricultural Sustainability,Concept
https://en.wikipedia.org/wiki/Sustainable_agriculture,Conservation Biology,Concept
https://en.wikipedia.org/wiki/Sustainable_agriculture,Public Health,Concept
https://en.wikipedia.org/wiki/Sustainable_agriculture,Amol Kamalakar,Concept
https://en.wikipedia.org/wiki/Sustainable_agriculture,Northeastern India,Concept
https://en.wikipedia.org/wiki/Sustainable_agriculture,World Ecology,Concept
https://en.wikipedia.org/wiki/Sustainable_agriculture,Do You See What,Concept
https://en.wikipedia.org/wiki/Sustainable_agriculture,Epistemic Barriers,Concept
https://en.wikipedia.org/wiki/Sustainable_agriculture,James Howard,Concept
https://en.wikipedia.org/wiki/Sustainable_agriculture,Too Much Magic,Concept
https://en.wikipedia.org/wiki/Sustainable_agriculture,Wishful Thinking,Concept
https://en.wikipedia.org/wiki/Sustainable_agriculture,Atlantic Monthly Press,Concept
https://en.wikipedia.org/wiki/Sustainable_agriculture,Post Carbon Reader,Concept
https://en.wikipedia.org/wiki/Sustainable_agriculture,Century Sustainability Crisis,Concept
https://en.wikipedia.org/wiki/Sustainable_agriculture,Watershed Media,Concept
https://en.wikipedia.org/wiki/Sustainable_agriculture,Towards Sustainable Agriculture,Concept
https://en.wikipedia.org/wiki/Sustainable_agriculture,Current Debates,Concept
https://en.wikipedia.org/wiki/Sustainable_agriculture,Geography Compass,Concept
https://en.wikipedia.org/wiki/Sustainable_agriculture,Environmental Science,Concept
https://en.wikipedia.org/wiki/Sustainable_agriculture,Westview Press,Concept
https://en.wikipedia.org/wiki/Sustainable_agriculture,Future Farming,Concept
https://en.wikipedia.org/wiki/Sustainable_agriculture,Critical Juncture,Concept
https://en.wikipedia.org/wiki/Sustainable_agriculture,Sustainable Weed Management,Concept
https://en.wikipedia.org/wiki/Sustainable_agriculture,Field Crops Res,Concept
https://en.wikipedia.org/wiki/Sustainable_agriculture,Sustainable Management,Concept
https://en.wikipedia.org/wiki/Sustainable_agriculture,Hady Et,Concept
https://en.wikipedia.org/wiki/Sustainable_agriculture,Integrated Wheat,Concept
https://en.wikipedia.org/wiki/Sustainable_agriculture,Fish Farming Practices,Concept
https://en.wikipedia.org/wiki/Sustainable_agriculture,Egyptian Journal,Concept
https://en.wikipedia.org/wiki/Sustainable_agriculture,Aquatic Biology,Concept
https://en.wikipedia.org/wiki/Sustainable_agriculture,Nature Plants,Concept
https://en.wikipedia.org/wiki/Sustainable_agriculture,New Scientist,Concept
https://en.wikipedia.org/wiki/Sustainable_agriculture,Improving Water Use Efficiency,Concept
https://en.wikipedia.org/wiki/Sustainable_agriculture,Wheat Crop Varieties,Concept
https://en.wikipedia.org/wiki/Sustainable_agriculture,North China Plain,Concept
https://en.wikipedia.org/wiki/Sustainable_agriculture,Integrative Agriculture,Concept
https://en.wikipedia.org/wiki/Sustainable_agriculture,Genetic Engineering,Concept
https://en.wikipedia.org/wiki/Sustainable_agriculture,Resistant Crops,Concept
https://en.wikipedia.org/wiki/Sustainable_agriculture,Plant Biology,Concept
https://en.wikipedia.org/wiki/Sustainable_agriculture,California Agriculture,Concept
https://en.wikipedia.org/wiki/Sustainable_agriculture,Biotechnology Advances,Concept
https://en.wikipedia.org/wiki/Sustainable_agriculture,Soil Solarization,Concept
https://en.wikipedia.org/wiki/Sustainable_agriculture,Organic Life,Concept
https://en.wikipedia.org/wiki/Sustainable_agriculture,Biomass Production,Concept
https://en.wikipedia.org/wiki/Sustainable_agriculture,Biofumigant Cover Crops,Concept
https://en.wikipedia.org/wiki/Sustainable_agriculture,Oilseed Radish,Concept
https://en.wikipedia.org/wiki/Sustainable_agriculture,Plant Production,Concept
https://en.wikipedia.org/wiki/Sustainable_agriculture,Protection Division,Concept
https://en.wikipedia.org/wiki/Sustainable_agriculture,Communications Earth,Concept
https://en.wikipedia.org/wiki/Sustainable_agriculture,Concerned Scientists,Concept
https://en.wikipedia.org/wiki/Sustainable_agriculture,Leipzig,Concept
https://en.wikipedia.org/wiki/Sustainable_agriculture,Can Modern Agriculture Be,Concept
https://en.wikipedia.org/wiki/Sustainable_agriculture,Land Sparing Versus Land,Concept
https://en.wikipedia.org/wiki/Sustainable_agriculture,Moving Forward,Concept
https://en.wikipedia.org/wiki/Sustainable_agriculture,Conservation Letters,Concept
https://en.wikipedia.org/wiki/Sustainable_agriculture,What Have We Learned,Concept
https://en.wikipedia.org/wiki/Sustainable_agriculture,Land Sparing,Concept
https://en.wikipedia.org/wiki/Sustainable_agriculture,Matthew Scott,Concept
https://en.wikipedia.org/wiki/Sustainable_agriculture,Global Food Security,Concept
https://en.wikipedia.org/wiki/Sustainable_agriculture,Land Use Policy,Concept
https://en.wikipedia.org/wiki/Sustainable_agriculture,DRO,Organization
https://en.wikipedia.org/wiki/Sustainable_agriculture,DU,Organization
https://en.wikipedia.org/wiki/Sustainable_agriculture,Reconciling Food Production,Concept
https://en.wikipedia.org/wiki/Sustainable_agriculture,Biodiversity Conservation,Concept
https://en.wikipedia.org/wiki/Sustainable_agriculture,Land Sharing,Concept
https://en.wikipedia.org/wiki/Sustainable_agriculture,Land Sparing Compared,Concept
https://en.wikipedia.org/wiki/Sustainable_agriculture,Chapter Six,Concept
https://en.wikipedia.org/wiki/Sustainable_agriculture,Ecological Research,Concept
https://en.wikipedia.org/wiki/Sustainable_agriculture,Future,Concept
https://en.wikipedia.org/wiki/Sustainable_agriculture,Agricultural Landscapes,Concept
https://en.wikipedia.org/wiki/Sustainable_agriculture,Applied Ecology,Concept
https://en.wikipedia.org/wiki/Sustainable_agriculture,Cooperative Extension System,Concept
https://en.wikipedia.org/wiki/Sustainable_agriculture,AFOLU,Organization
https://en.wikipedia.org/wiki/Sustainable_agriculture,Dale Rhoads,Concept
https://en.wikipedia.org/wiki/Sustainable_agriculture,Purdue Extension Service,Concept
https://en.wikipedia.org/wiki/Sustainable_agriculture,Food Business News,Concept
https://en.wikipedia.org/wiki/Sustainable_agriculture,Organic Market Overview,Concept
https://en.wikipedia.org/wiki/Sustainable_agriculture,United States Department,Concept
https://en.wikipedia.org/wiki/Sustainable_agriculture,Agriculture Economic Research Service,Concept
https://en.wikipedia.org/wiki/Sustainable_agriculture,Synthesis Report,Concept
https://en.wikipedia.org/wiki/Sustainable_agriculture,XXX,Organization
https://en.wikipedia.org/wiki/Sustainable_agriculture,DOI,Organization
https://en.wikipedia.org/wiki/Sustainable_agriculture,Global Carbon Budget,Concept
https://en.wikipedia.org/wiki/Sustainable_agriculture,Earth System Science Data,Concept
https://en.wikipedia.org/wiki/Sustainable_agriculture,Rand Report,Concept
https://en.wikipedia.org/wiki/Sustainable_agriculture,Retrieved June,Concept
https://en.wikipedia.org/wiki/Sustainable_agriculture,Mekong Delta,Concept
https://en.wikipedia.org/wiki/Sustainable_agriculture,BBC,Organization
https://en.wikipedia.org/wiki/Sustainable_agriculture,NBC,Organization
https://en.wikipedia.org/wiki/Sustainable_agriculture,Netherlands Journal,Concept
https://en.wikipedia.org/wiki/Sustainable_agriculture,Agricultural Science,Concept
https://en.wikipedia.org/wiki/Sustainable_agriculture,Precision Ag,Concept
https://en.wikipedia.org/wiki/Sustainable_agriculture,Ecological Farming Systems,Concept
https://en.wikipedia.org/wiki/Sustainable_agriculture,Low Greenhouse Gas Architecture,Concept
https://en.wikipedia.org/wiki/Sustainable_agriculture,Adaptation Potential,Concept
https://en.wikipedia.org/wiki/Sustainable_agriculture,Sustainable Farming Systems,Concept
https://en.wikipedia.org/wiki/Sustainable_agriculture,David Biello,Concept
https://en.wikipedia.org/wiki/Sustainable_agriculture,Oceanic Dead Zones Continue,Concept
https://en.wikipedia.org/wiki/Sustainable_agriculture,Mark Kinver,Concept
https://en.wikipedia.org/wiki/Sustainable_agriculture,Mark Ward,Concept
https://en.wikipedia.org/wiki/Sustainable_agriculture,Noel Vietmeyer,Concept
https://en.wikipedia.org/wiki/Sustainable_agriculture,Applied Biodiversity,Concept
https://en.wikipedia.org/wiki/Sustainable_agriculture,Jessica Marshall,Concept
https://en.wikipedia.org/wiki/Sustainable_agriculture,NASA,Organization
https://en.wikipedia.org/wiki/Sustainable_agriculture,UT,Organization
https://en.wikipedia.org/wiki/Sustainable_agriculture,Robert Sanders,Concept
https://en.wikipedia.org/wiki/Sustainable_agriculture,Rooted Plants Have Much,Concept
https://en.wikipedia.org/wiki/Sustainable_agriculture,Greater Impact,Concept
https://en.wikipedia.org/wiki/Sustainable_agriculture,Experts Thought,Concept
https://en.wikipedia.org/wiki/Sustainable_agriculture,Earth Observatory,Concept
https://en.wikipedia.org/wiki/Sustainable_agriculture,Whitney Heins,Concept
https://en.wikipedia.org/wiki/Sustainable_agriculture,Unexpected Microbes Fighting Harmful,Concept
https://en.wikipedia.org/wiki/Sustainable_agriculture,Greenhouse Gas,Concept
https://en.wikipedia.org/wiki/Sustainable_agriculture,University,Concept
https://en.wikipedia.org/wiki/Sustainable_agriculture,Tennessee Knoxville,Concept
https://en.wikipedia.org/wiki/Sustainable_agriculture,Wildlife Conservation,Concept
https://en.wikipedia.org/wiki/Sustainable_agriculture,John Wiley,Concept
https://en.wikipedia.org/wiki/Sustainable_agriculture,Tasisa Temesge,Concept
https://en.wikipedia.org/wiki/Sustainable_agriculture,Firew Bekele,Concept
https://en.wikipedia.org/wiki/Sustainable_agriculture,Anteneh Abebe,Concept
https://en.wikipedia.org/wiki/Sustainable_agriculture,Eastern Ethiopia,Concept
https://en.wikipedia.org/wiki/Sustainable_agriculture,Cogent Food,Concept
https://en.wikipedia.org/wiki/Sustainable_agriculture,Observatory,Technology
https://en.wikipedia.org/wiki/Sustainable_agriculture,BC,Organization
https://en.wikipedia.org/wiki/Sustainable_agriculture,CSU,Organization
https://en.wikipedia.org/wiki/Sustainable_agriculture,Efficient Technology Opportunity,Concept
https://en.wikipedia.org/wiki/Sustainable_agriculture,Rainwater Harvesting Systems,Concept
https://en.wikipedia.org/wiki/Sustainable_agriculture,Sustainable Foods,Concept
https://en.wikipedia.org/wiki/Sustainable_agriculture,Sustainable Food Center,Concept
https://en.wikipedia.org/wiki/Sustainable_agriculture,Indigenous Origins,Concept
https://en.wikipedia.org/wiki/Sustainable_agriculture,National Farmers Union,Concept
https://en.wikipedia.org/wiki/Sustainable_agriculture,Enduring Seeds,Concept
https://en.wikipedia.org/wiki/Sustainable_agriculture,Native American Agriculture,Concept
https://en.wikipedia.org/wiki/Sustainable_agriculture,Wild Plant Conservation,Concept
https://en.wikipedia.org/wiki/Sustainable_agriculture,Arizona Press,Concept
https://en.wikipedia.org/wiki/Sustainable_agriculture,Gabriola Island,Concept
https://en.wikipedia.org/wiki/Sustainable_agriculture,New Society Publishers,Concept
https://en.wikipedia.org/wiki/Sustainable_agriculture,Braiding Sweetgrass,Concept
https://en.wikipedia.org/wiki/Sustainable_agriculture,Indigenous Wisdom,Concept
https://en.wikipedia.org/wiki/Sustainable_agriculture,Scientific Knowledge,Concept
https://en.wikipedia.org/wiki/Sustainable_agriculture,Milkweed Editions,Concept
https://en.wikipedia.org/wiki/Sustainable_agriculture,Our Sustainable Future,Concept
https://en.wikipedia.org/wiki/Sustainable_agriculture,Regenerative Ag Description,Concept
https://en.wikipedia.org/wiki/Sustainable_agriculture,Regeneration International,Concept
https://en.wikipedia.org/wiki/Sustainable_agriculture,Regenerative Agriculture Foundation,Concept
https://en.wikipedia.org/wiki/Sustainable_agriculture,Regenerative Organic Agriculture,Concept
https://en.wikipedia.org/wiki/Sustainable_agriculture,Organic India,Concept
https://en.wikipedia.org/wiki/Sustainable_agriculture,Birnbaum Fox,Concept
https://en.wikipedia.org/wiki/Sustainable_agriculture,Indigenous Science,Concept
https://en.wikipedia.org/wiki/Sustainable_agriculture,Cultural Survival Quarterly,Concept
https://en.wikipedia.org/wiki/Sustainable_agriculture,Indiana University,Concept
https://en.wikipedia.org/wiki/Sustainable_agriculture,Pathways Beyond Sustainability,Concept
https://en.wikipedia.org/wiki/Sustainable_agriculture,Real Goods Solar Living,Concept
https://en.wikipedia.org/wiki/Sustainable_agriculture,Rafter Sass,Concept
https://en.wikipedia.org/wiki/Sustainable_agriculture,Sarah Taylor,Concept
https://en.wikipedia.org/wiki/Sustainable_agriculture,Robert Scott,Concept
https://en.wikipedia.org/wiki/Sustainable_agriculture,Essence,Concept
https://en.wikipedia.org/wiki/Sustainable_agriculture,Holmgren Design Services,Concept
https://en.wikipedia.org/wiki/Sustainable_agriculture,Permaculture Research Institute,Concept
https://en.wikipedia.org/wiki/Sustainable_agriculture,Central Europe,Concept
https://en.wikipedia.org/wiki/Sustainable_agriculture,ICEI,Organization
https://en.wikipedia.org/wiki/Sustainable_agriculture,IEEE,Organization
https://en.wikipedia.org/wiki/Sustainable_agriculture,Continuous Productive Urban Landscapes,Concept
https://en.wikipedia.org/wiki/Sustainable_agriculture,Designing Urban Agriculture,Concept
https://en.wikipedia.org/wiki/Sustainable_agriculture,Sustainable Cities,Concept
https://en.wikipedia.org/wiki/Sustainable_agriculture,Local Environment,Concept
https://en.wikipedia.org/wiki/Sustainable_agriculture,Independent,Concept
https://en.wikipedia.org/wiki/Sustainable_agriculture,International Conference,Concept
https://en.wikipedia.org/wiki/Sustainable_agriculture,UNCTAD,Organization
https://en.wikipedia.org/wiki/Sustainable_agriculture,EDIS,Organization
https://en.wikipedia.org/wiki/Sustainable_agriculture,CGIAR,Organization
https://en.wikipedia.org/wiki/Sustainable_agriculture,CCAFS,Organization
https://en.wikipedia.org/wiki/Sustainable_agriculture,Sustainability Map,Concept
https://en.wikipedia.org/wiki/Sustainable_agriculture,Fostering Green Exports,Concept
https://en.wikipedia.org/wiki/Sustainable_agriculture,Organic Certification,Concept
https://en.wikipedia.org/wiki/Sustainable_agriculture,Who Should Be Certified,Concept
https://en.wikipedia.org/wiki/Sustainable_agriculture,Research Program,Concept
https://en.wikipedia.org/wiki/Sustainable_agriculture,SPE,Organization
https://en.wikipedia.org/wiki/Sustainable_agriculture,MS,Organization
https://en.wikipedia.org/wiki/Sustainable_agriculture,EGU,Organization
https://en.wikipedia.org/wiki/Sustainable_agriculture,Countries Pledge Over,Concept
https://en.wikipedia.org/wiki/Sustainable_agriculture,Support Sustainable Agriculture,Concept
https://en.wikipedia.org/wiki/Sustainable_agriculture,But Is It Enough,Concept
https://en.wikipedia.org/wiki/Sustainable_agriculture,Methane Quandary,Concept
https://en.wikipedia.org/wiki/Sustainable_agriculture,Curbing Emissions,Concept
https://en.wikipedia.org/wiki/Sustainable_agriculture,Control Valves,Concept
https://en.wikipedia.org/wiki/Sustainable_agriculture,General Assembly Conference Abstracts,Concept
https://en.wikipedia.org/wiki/Sustainable_agriculture,Chris Hoy,Concept
https://en.wikipedia.org/wiki/Sustainable_agriculture,Devpolicy Blog,Concept
https://en.wikipedia.org/wiki/Sustainable_agriculture,Development Policy Centre,Concept
https://en.wikipedia.org/wiki/Sustainable_agriculture,Australian National University,Concept
https://en.wikipedia.org/wiki/Sustainable_agriculture,Poorest Nations Left Behind,Concept
https://en.wikipedia.org/wiki/Sustainable_agriculture,Reaching Sustainable Development Goals,Concept
https://en.wikipedia.org/wiki/Sustainable_agriculture,Delegates Stress,Concept
https://en.wikipedia.org/wiki/Sustainable_agriculture,Second Committee Begins General,Concept
https://en.wikipedia.org/wiki/Sustainable_agriculture,Infections,Disease
https://en.wikipedia.org/wiki/Sustainable_agriculture,Creative Commons Attribution,Concept
https://en.wikipedia.org/wiki/Sustainable_agriculture,International License,Concept
https://en.wikipedia.org/wiki/Sustainable_agriculture,Sustainable Agriculture Requires Growing,Concept
https://en.wikipedia.org/wiki/Sustainable_agriculture,Ecologically Skilled Workforce,Concept
https://en.wikipedia.org/wiki/Sustainable_agriculture,Intersection,Concept
https://en.wikipedia.org/wiki/Sustainable_agriculture,New York,Concept
https://en.wikipedia.org/wiki/Sustainable_agriculture,SCS,Organization
https://en.wikipedia.org/wiki/Sustainable_agriculture,Maywa Montenegro,Concept
https://en.wikipedia.org/wiki/Sustainable_agriculture,Agriculture Soil Conservation Service,Concept
https://en.wikipedia.org/wiki/Sustainable_agriculture,Economic Research Service,Concept
https://en.wikipedia.org/wiki/Sustainable_agriculture,Forest Service,Concept
https://en.wikipedia.org/wiki/Sustainable_agriculture,Montana Department,Concept
https://en.wikipedia.org/wiki/Sustainable_agriculture,Natural Resources,Concept
https://en.wikipedia.org/wiki/Sustainable_agriculture,Leah Penniman Farms,Concept
https://en.wikipedia.org/wiki/Sustainable_agriculture,Land Justice,Concept
https://en.wikipedia.org/wiki/Sustainable_agriculture,Earth Island Journal,Concept
https://en.wikipedia.org/wiki/Sustainable_agriculture,Inspirational Keynote Address,Concept
https://en.wikipedia.org/wiki/Sustainable_agriculture,Sustainability Conference,Concept
https://en.wikipedia.org/wiki/Sustainable_agriculture,Resilient Systems,Concept
https://en.wikipedia.org/wiki/Sustainable_agriculture,California State University,Concept
https://en.wikipedia.org/wiki/Sustainable_agriculture,Shouldering Responsibility,Concept
https://en.wikipedia.org/wiki/Sustainable_agriculture,Human Rights,Concept
https://en.wikipedia.org/wiki/Sustainable_agriculture,Case Study,Concept
https://en.wikipedia.org/wiki/Sustainable_agriculture,Town Farmers,Concept
https://en.wikipedia.org/wiki/Sustainable_agriculture,Multicultural Global Contexts,Concept
https://en.wikipedia.org/wiki/Sustainable_agriculture,New Meat,Concept
https://en.wikipedia.org/wiki/Sustainable_agriculture,Is China Ready,Concept
https://en.wikipedia.org/wiki/Sustainable_agriculture,Based Future,Concept
https://en.wikipedia.org/wiki/Sustainable_agriculture,UNE,Organization
https://en.wikipedia.org/wiki/Sustainable_agriculture,JD,Organization
https://en.wikipedia.org/wiki/Sustainable_agriculture,XXVI,Organization
https://en.wikipedia.org/wiki/Sustainable_agriculture,IHC,Organization
https://en.wikipedia.org/wiki/Sustainable_agriculture,ISHS,Organization
https://en.wikipedia.org/wiki/Sustainable_agriculture,New Indian Express,Concept
https://en.wikipedia.org/wiki/Sustainable_agriculture,Governing Through Timescape,Concept
https://en.wikipedia.org/wiki/Sustainable_agriculture,Israeli Sustainable Agriculture Policy,Concept
https://en.wikipedia.org/wiki/Sustainable_agriculture,Arab Citizens,Concept
https://en.wikipedia.org/wiki/Sustainable_agriculture,Middle East Studies,Concept
https://en.wikipedia.org/wiki/Sustainable_agriculture,Rural Science Graduates Association,Concept
https://en.wikipedia.org/wiki/Sustainable_agriculture,In Memo,Concept
https://en.wikipedia.org/wiki/Sustainable_agriculture,Former Staff,Concept
https://en.wikipedia.org/wiki/Sustainable_agriculture,Rural Science,Concept
https://en.wikipedia.org/wiki/Sustainable_agriculture,New England,Concept
https://en.wikipedia.org/wiki/Sustainable_agriculture,Horticultural Systems,Concept
https://en.wikipedia.org/wiki/Sustainable_agriculture,Acta Hort,Concept
https://en.wikipedia.org/wiki/Sustainable_agriculture,XXVII,Organization
https://en.wikipedia.org/wiki/Sustainable_agriculture,CC,Organization
https://en.wikipedia.org/wiki/Sustainable_agriculture,BY,Organization
https://en.wikipedia.org/wiki/Sustainable_agriculture,SA,Organization
https://en.wikipedia.org/wiki/Sustainable_agriculture,IGO,Organization
https://en.wikipedia.org/wiki/Sustainable_agriculture,Sustainable Horticulture,Concept
https://en.wikipedia.org/wiki/Sustainable_agriculture,Resource Management,Concept
https://en.wikipedia.org/wiki/Sustainable_agriculture,Organic Horticulture,Concept
https://en.wikipedia.org/wiki/Sustainable_agriculture,State,Concept
https://en.wikipedia.org/wiki/Sustainable_agriculture,In Brief,Concept
https://en.wikipedia.org/wiki/Sustainable_agriculture,Agricultural Engineer Agricultural,Concept
https://en.wikipedia.org/wiki/Sustainable_agriculture,American California Grazing Convertible,Concept
https://en.wikipedia.org/wiki/Sustainable_agriculture,Transhumance Convertible,Concept
https://en.wikipedia.org/wiki/Sustainable_agriculture,Overdrafting Climate,Concept
https://en.wikipedia.org/wiki/Sustainable_agriculture,Sustainability Advertising Brand Marketing,Concept
https://en.wikipedia.org/wiki/Sustainable_agriculture,Sustainable Consumer,Concept
https://en.wikipedia.org/wiki/Sustainable_agriculture,Market Systemic,Concept
https://en.wikipedia.org/wiki/Sustainable_agriculture,List Intergenerational,Concept
https://en.wikipedia.org/wiki/Sustainable_agriculture,Sustainability Accounting Measurement Metrics,Concept
https://en.wikipedia.org/wiki/Sustainable_agriculture,Reporting Standards,Concept
https://en.wikipedia.org/wiki/Sustainable_agriculture,Debt Sustainability Analysis Fiscal,Concept
https://en.wikipedia.org/wiki/Sustainable_agriculture,Construction Fashion Finance Green,Concept
https://en.wikipedia.org/wiki/Sustainable_agriculture,Development Infrastructure Marketing Socially,Concept
https://en.wikipedia.org/wiki/Sustainable_agriculture,Recycling Appliance,Concept
https://en.wikipedia.org/wiki/Sustainable_agriculture,Waste Waste,Concept
https://en.wikipedia.org/wiki/Sustainable_agriculture,Human Environment,Concept
https://en.wikipedia.org/wiki/Sustainable_agriculture,Brundtlandt Commission Report,Concept
https://en.wikipedia.org/wiki/Sustainable_agriculture,Our Common Future,Concept
https://en.wikipedia.org/wiki/Sustainable_agriculture,UNESCO,Organization
https://en.wikipedia.org/wiki/Sustainable_agriculture,Rio Declaration,Concept
https://en.wikipedia.org/wiki/Sustainable_agriculture,Biological Diversity,Concept
https://en.wikipedia.org/wiki/Sustainable_agriculture,Lisbon Principles,Concept
https://en.wikipedia.org/wiki/Sustainable_agriculture,Millennium Declaration,Concept
https://en.wikipedia.org/wiki/Sustainable_agriculture,Earth Summit,Concept
https://en.wikipedia.org/wiki/Sustainable_agriculture,Sustainable Development Goals,Concept
https://en.wikipedia.org/wiki/Sustainable_agriculture,Communal Garden,Concept
https://en.wikipedia.org/wiki/Sustainable_agriculture,East Asian Chinese Suzhou,Concept
https://en.wikipedia.org/wiki/Sustainable_agriculture,Cantonese Sichuanese Japanese Roji,Concept
https://en.wikipedia.org/wiki/Sustainable_agriculture,Zen Korean Vietnamese Chinese,Concept
https://en.wikipedia.org/wiki/Sustainable_agriculture,Suzhou Cantonese Sichuanese French,Concept
https://en.wikipedia.org/wiki/Sustainable_agriculture,Renaissance Indonesian,Concept
https://en.wikipedia.org/wiki/Sustainable_agriculture,Charbagh Paradise Agriculture Permaculture,Concept
https://en.wikipedia.org/wiki/Sustainable_agriculture,Floriculture Canada Taiwan Genetically,Concept
https://en.wikipedia.org/wiki/Sustainable_agriculture,Floristry Ikebana Demographics,Concept
https://en.wikipedia.org/wiki/Sustainable_agriculture,Antinatalism Intergenerational,Concept
https://en.wikipedia.org/wiki/Sustainable_agriculture,Natalism Nonidentity,Concept
https://en.wikipedia.org/wiki/Sustainable_agriculture,Environment Population,Concept
https://en.wikipedia.org/wiki/Sustainable_agriculture,Development Review Population,Concept
https://en.wikipedia.org/wiki/Sustainable_agriculture,Development Population Action International,Concept
https://en.wikipedia.org/wiki/Sustainable_agriculture,Population Connection United Nations,Concept
https://en.wikipedia.org/wiki/Sustainable_agriculture,Population Fund United Nations,Concept
https://en.wikipedia.org/wiki/Sustainable_agriculture,Voluntary Human Extinction Movement,Concept
https://en.wikipedia.org/wiki/Sustainable_agriculture,World Population Conference World,Concept
https://en.wikipedia.org/wiki/Sustainable_agriculture,Population Foundation Human,Concept
https://en.wikipedia.org/wiki/Sustainable_agriculture,Migration Net,Concept
https://en.wikipedia.org/wiki/Sustainable_agriculture,Wikidata Articles,Concept
https://en.wikipedia.org/wiki/Sustainable_agriculture,Smart,Concept
https://en.wikipedia.org/wiki/Sustainable_agriculture,Impact,Concept
https://en.wikipedia.org/wiki/Sustainable_agriculture,Assessment,Concept
https://en.wikipedia.org/wiki/Sustainable_agriculture,Public,Concept
https://en.wikipedia.org/wiki/Sustainable_agriculture,Interest,Concept
https://en.wikipedia.org/wiki/Sustainable_agriculture,Dead,Concept
https://en.wikipedia.org/wiki/Sustainable_agriculture,External,Concept
https://en.wikipedia.org/wiki/Sustainable_agriculture,Links,Concept
https://en.wikipedia.org/wiki/Sustainable_agriculture,October,Concept
https://en.wikipedia.org/wiki/Sustainable_agriculture,Long,Concept
https://en.wikipedia.org/wiki/Sustainable_agriculture,Volume,Concept
https://en.wikipedia.org/wiki/Sustainable_agriculture,Maint,Concept
https://en.wikipedia.org/wiki/Sustainable_agriculture,Publisher,Concept
https://en.wikipedia.org/wiki/Sustainable_agriculture,Inactive,Concept
https://en.wikipedia.org/wiki/Sustainable_agriculture,June,Concept
https://www.nature.com/articles/d41586-025-03353-5,USA,Organization
https://www.nature.com/articles/d41586-025-03353-5,National Academy,Concept
https://www.nature.com/articles/d41586-025-03353-5,Access Nature,Concept
https://www.nature.com/articles/d41586-025-03353-5,Nature Portfolio,Concept
https://www.nature.com/articles/d41586-025-03353-5,Get Nature,Concept
https://www.nature.com/articles/d41586-025-03353-5,Natl Acad,Concept
https://www.nature.com/articles/d41586-025-03353-5,Article Google Scholar Ravndal,Concept
https://www.nature.com/articles/d41586-025-03353-5,Article Google Scholar Reprints,Concept
https://www.nature.com/articles/d41586-025-03353-5,SEP,Organization
https://www.nature.com/articles/d41586-025-03353-5,GLP,Organization
https://www.nature.com/articles/d41586-025-03353-5,New Hope,Concept
https://www.nature.com/articles/d41586-025-03353-5,Research New Hope,Concept
https://www.nature.com/articles/d41586-025-03353-5,Research Alzheimer,Concept
https://www.nature.com/articles/d41586-025-03353-5,Drugs Are Finally Tackling,Concept
https://www.nature.com/articles/d41586-025-03353-5,Disease Itself,Concept
https://www.nature.com/articles/d41586-025-03353-5,How Alzheimer,Concept
https://www.nature.com/articles/d41586-025-03353-5,How Controversial New Alzheimer,Concept
https://www.nature.com/articles/d41586-025-03353-5,Drugs Offer Hope,Concept
https://www.nature.com/articles/d41586-025-03353-5,High Cost Controversial New,Concept
https://www.nature.com/articles/d41586-025-03353-5,High Cost New,Concept
https://www.nature.com/articles/d41586-025-03353-5,AUG,Organization
https://www.nature.com/articles/d41586-025-03353-5,CNS,Organization
https://www.nature.com/articles/d41586-025-03353-5,JUL,Organization
https://www.nature.com/articles/d41586-025-03353-5,JUN,Organization
https://www.nature.com/articles/d41586-025-03353-5,Research Highlight,Concept
https://www.nature.com/articles/d41586-025-03353-5,Career Group Leader Opportunities,Concept
https://www.nature.com/articles/d41586-025-03353-5,Xuemin Investigator Program Build,Concept
https://www.nature.com/articles/d41586-025-03353-5,Xuemin Institute,Concept
https://www.nature.com/articles/d41586-025-03353-5,Fudan University,Concept
https://www.nature.com/articles/d41586-025-03353-5,Advanced Studies,Concept
https://www.nature.com/articles/d41586-025-03353-5,Fudan University Early,Concept
https://www.nature.com/articles/d41586-025-03353-5,Fudan University Distinguished Professors,Concept
https://www.nature.com/articles/d41586-025-03353-5,Young Faculty,Concept
https://www.nature.com/articles/d41586-025-03353-5,Postdoctoral Researchers Job,Concept
https://www.nature.com/articles/d41586-025-03353-5,Artificial Intelligence,Concept
https://www.nature.com/articles/d41586-025-03353-5,Computer Interface,Concept
https://www.nature.com/articles/d41586-025-03353-5,Science Avenue,Concept
https://www.nature.com/articles/d41586-025-03353-5,Life Sciences,Concept
https://www.nature.com/articles/d41586-025-03353-5,China School,Concept
https://www.nature.com/articles/d41586-025-03353-5,Life Sciences Zhengzhou University,Concept
https://www.nature.com/articles/d41586-025-03353-5,Distinguished Professors,Concept
https://www.nature.com/articles/d41586-025-03353-5,OF,Organization
https://www.nature.com/articles/d41586-025-03353-5,BMC,Organization
https://www.nature.com/articles/d41586-025-03353-5,US,Organization
https://www.nature.com/articles/d41586-025-03353-5,Assistant Professor,Concept
https://www.nature.com/articles/d41586-025-03353-5,Chemical Engineering The Division,Concept
https://www.nature.com/articles/d41586-025-03353-5,Chemical Engineering,Concept
https://www.nature.com/articles/d41586-025-03353-5,California Institute,Concept
https://www.nature.com/articles/d41586-025-03353-5,Chemical Engineering Assistant Professor,Concept
https://www.nature.com/articles/d41586-025-03353-5,Chemical Engineering Associate,Concept
https://www.nature.com/articles/d41586-025-03353-5,Senior Editor,Concept
https://www.nature.com/articles/d41586-025-03353-5,Biomedical Technologies Role,Concept
https://www.nature.com/articles/d41586-025-03353-5,Biomedical Technologies Location,Concept
https://www.nature.com/articles/d41586-025-03353-5,New York,Concept
https://www.nature.com/articles/d41586-025-03353-5,Permanent Closing,Concept
https://www.nature.com/articles/d41586-025-03353-5,New York City,Concept
https://www.nature.com/articles/d41586-025-03353-5,Springer Nature Ltd Associate,Concept
https://www.nature.com/articles/d41586-025-03353-5,DIMST,Organization
https://www.nature.com/articles/d41586-025-03353-5,CAS,Organization
https://www.nature.com/articles/d41586-025-03353-5,Dongguan Institute,Concept
https://www.nature.com/articles/d41586-025-03353-5,Materials Science,Concept
https://www.nature.com/articles/d41586-025-03353-5,Chinese Academy,Concept
https://www.nature.com/articles/d41586-025-03353-5,Sciences High,Concept
https://www.nature.com/articles/d41586-025-03353-5,Level Talents Recruitment,Concept
https://www.nature.com/articles/d41586-025-03353-5,Scientist Plan Dongguan,Concept
https://www.nature.com/articles/d41586-025-03353-5,Guangdong Province,Concept
https://www.nature.com/articles/d41586-025-03353-5,China Dongguan Institute,Concept
https://www.fao.org/3/y4671e/y4671e06.htm,Southern Africa,Concept
https://www.fao.org/3/y4671e/y4671e06.htm,Chapter,Concept
https://www.fao.org/3/y4671e/y4671e06.htm,Food,Concept
https://www.fao.org/3/y4671e/y4671e06.htm,Security,Concept
https://www.fao.org/3/y4671e/y4671e06.htm,Concept,Concept
https://www.fao.org/3/y4671e/y4671e06.htm,Measurement,Concept
https://www.fao.org/3/y4671e/y4671e06.htm,Looks,Concept
https://www.fao.org/3/y4671e/y4671e06.htm,Origins,Concept
https://www.fao.org/3/y4671e/y4671e06.htm,Chronic,Concept
https://www.fao.org/3/y4671e/y4671e06.htm,Insecurity,Concept
https://www.fao.org/3/y4671e/y4671e06.htm,Implications,Concept
https://www.fao.org/3/y4671e/y4671e06.htm,Suggests,Concept
https://www.fao.org/3/y4671e/y4671e06.htm,Need,Concept
https://www.fao.org/3/y4671e/y4671e06.htm,Complementary,Concept
https://www.fao.org/3/y4671e/y4671e06.htm,WFS,Organization
https://www.fao.org/3/y4671e/y4671e06.htm,FAO,Organization
https://www.fao.org/3/y4671e/y4671e06.htm,World Food Summit,Concept
https://www.fao.org/3/y4671e/y4671e06.htm,World Bank,Concept
https://www.fao.org/3/y4671e/y4671e06.htm,World Food Conference,Concept
https://www.fao.org/3/y4671e/y4671e06.htm,Originated,Concept
https://www.fao.org/3/y4671e/y4671e06.htm,Mid-1970S,Concept
https://www.fao.org/3/y4671e/y4671e06.htm,Discussions,Concept
https://www.fao.org/3/y4671e/y4671e06.htm,International,Concept
https://www.fao.org/3/y4671e/y4671e06.htm,Problem,Concept
https://www.fao.org/3/y4671e/y4671e06.htm,Time,Concept
https://www.fao.org/3/y4671e/y4671e06.htm,Global,Concept
https://www.fao.org/3/y4671e/y4671e06.htm,Crisis,Concept
https://www.fao.org/3/y4671e/y4671e06.htm,Initial,Concept
https://www.fao.org/3/y4671e/y4671e06.htm,Focus,Concept
https://www.fao.org/3/y4671e/y4671e06.htm,Attention,Concept
https://www.fao.org/3/y4671e/y4671e06.htm,Green Revolution,Concept
https://www.fao.org/3/y4671e/y4671e06.htm,Third,Concept
https://www.fao.org/3/y4671e/y4671e06.htm,Perhaps,Concept
https://www.fao.org/3/y4671e/y4671e06.htm,Crucially,Concept
https://www.fao.org/3/y4671e/y4671e06.htm,Important,Concept
https://www.fao.org/3/y4671e/y4671e06.htm,Factor,Concept
https://www.fao.org/3/y4671e/y4671e06.htm,Modifying,Concept
https://www.fao.org/3/y4671e/y4671e06.htm,Views,Concept
https://www.fao.org/3/y4671e/y4671e06.htm,Evidence,Concept
https://www.fao.org/3/y4671e/y4671e06.htm,Technical,Concept
https://www.fao.org/3/y4671e/y4671e06.htm,Successes,Concept
https://www.fao.org/3/y4671e/y4671e06.htm,Highly,Concept
https://www.fao.org/3/y4671e/y4671e06.htm,Influential,Concept
https://www.fao.org/3/y4671e/y4671e06.htm,World,Concept
https://www.fao.org/3/y4671e/y4671e06.htm,Bank,Concept
https://www.fao.org/3/y4671e/y4671e06.htm,Report,Concept
https://www.fao.org/3/y4671e/y4671e06.htm,Poverty,Concept
https://www.fao.org/3/y4671e/y4671e06.htm,Hunger,Concept
https://www.fao.org/3/y4671e/y4671e06.htm,Focused,Concept
https://www.fao.org/3/y4671e/y4671e06.htm,Temporal,Concept
https://www.fao.org/3/y4671e/y4671e06.htm,Dynamics,Concept
https://www.fao.org/3/y4671e/y4671e06.htm,Introduced,Concept
https://www.fao.org/3/y4671e/y4671e06.htm,Widely,Concept
https://www.fao.org/3/y4671e/y4671e06.htm,Mid-1990S,Concept
https://www.fao.org/3/y4671e/y4671e06.htm,Recognized,Concept
https://www.fao.org/3/y4671e/y4671e06.htm,Significant,Concept
https://www.fao.org/3/y4671e/y4671e06.htm,Concern,Concept
https://www.fao.org/3/y4671e/y4671e06.htm,Spanning,Concept
https://www.fao.org/3/y4671e/y4671e06.htm,Spectrum,Concept
https://www.fao.org/3/y4671e/y4671e06.htm,Individual,Concept
https://www.fao.org/3/y4671e/y4671e06.htm,Level,Concept
https://www.fao.org/3/y4671e/y4671e06.htm,However,Concept
https://www.fao.org/3/y4671e/y4671e06.htm,Access,Concept
https://www.fao.org/3/y4671e/y4671e06.htm,Involved,Concept
https://www.fao.org/3/y4671e/y4671e06.htm,Sufficient,Concept
https://www.fao.org/3/y4671e/y4671e06.htm,UNDP,Organization
https://www.fao.org/3/y4671e/y4671e06.htm,WIDER,Organization
https://www.fao.org/3/y4671e/y4671e06.htm,Human Development Report,Concept
https://www.fao.org/3/y4671e/y4671e06.htm,State,Concept
https://www.fao.org/3/y4671e/y4671e06.htm,Food Insecurity,Concept
https://www.fao.org/3/y4671e/y4671e06.htm,Amartya Sen,Concept
https://www.fao.org/3/y4671e/y4671e06.htm,Situation,Concept
https://www.fao.org/3/y4671e/y4671e06.htm,Exists,Concept
https://www.fao.org/3/y4671e/y4671e06.htm,People,Concept
https://www.fao.org/3/y4671e/y4671e06.htm,Have,Concept
https://www.fao.org/3/y4671e/y4671e06.htm,Physical,Concept
https://www.fao.org/3/y4671e/y4671e06.htm,Social,Concept
https://www.fao.org/3/y4671e/y4671e06.htm,Economic,Concept
https://www.fao.org/3/y4671e/y4671e06.htm,Safe,Concept
https://www.fao.org/3/y4671e/y4671e06.htm,Essentially,Concept
https://www.fao.org/3/y4671e/y4671e06.htm,Described,Concept
https://www.fao.org/3/y4671e/y4671e06.htm,Phenomenon,Concept
https://www.fao.org/3/y4671e/y4671e06.htm,Relating,Concept
https://www.fao.org/3/y4671e/y4671e06.htm,Nutritional,Concept
https://www.fao.org/3/y4671e/y4671e06.htm,Status,Concept
https://www.fao.org/3/y4671e/y4671e06.htm,Household,Concept
https://www.fao.org/3/y4671e/y4671e06.htm,Member,Concept
https://www.fao.org/3/y4671e/y4671e06.htm,Ultimate,Concept
https://www.fao.org/3/y4671e/y4671e06.htm,Risk,Concept
https://www.fao.org/3/y4671e/y4671e06.htm,Sub-Nutrition,Concept
https://www.fao.org/3/y4671e/y4671e06.htm,Often,Concept
https://www.fao.org/3/y4671e/y4671e06.htm,Assumed,Concept
https://www.fao.org/3/y4671e/y4671e06.htm,Official,Concept
https://www.fao.org/3/y4671e/y4671e06.htm,Literature,Concept
https://www.fao.org/3/y4671e/y4671e06.htm,Synonymous,Concept
https://www.fao.org/3/y4671e/y4671e06.htm,Emotive,Concept
https://www.fao.org/3/y4671e/y4671e06.htm,Term,Concept
https://www.fao.org/3/y4671e/y4671e06.htm,Result,Concept
https://www.fao.org/3/y4671e/y4671e06.htm,Intake,Concept
https://www.fao.org/3/y4671e/y4671e06.htm,Continuously,Concept
https://www.fao.org/3/y4671e/y4671e06.htm,Insufficient,Concept
https://www.fao.org/3/y4671e/y4671e06.htm,Meet,Concept
https://www.fao.org/3/y4671e/y4671e06.htm,SOFI,Organization
https://www.fao.org/3/y4671e/y4671e06.htm,Cross-Sectional,Concept
https://www.fao.org/3/y4671e/y4671e06.htm,National,Concept
https://www.fao.org/3/y4671e/y4671e06.htm,Series,Concept
https://www.fao.org/3/y4671e/y4671e06.htm,Comparisons,Concept
https://www.fao.org/3/y4671e/y4671e06.htm,Undertaken,Concept
https://www.fao.org/3/y4671e/y4671e06.htm,Estimates,Concept
https://www.fao.org/3/y4671e/y4671e06.htm,Based,Concept
https://www.fao.org/3/y4671e/y4671e06.htm,Average,Concept
https://www.fao.org/3/y4671e/y4671e06.htm,Capita,Concept
https://www.fao.org/3/y4671e/y4671e06.htm,Availability,Concept
https://www.fao.org/3/y4671e/y4671e06.htm,Staple,Concept
https://www.fao.org/3/y4671e/y4671e06.htm,Attempts,Concept
https://www.fao.org/3/y4671e/y4671e06.htm,Explain,Concept
https://www.fao.org/3/y4671e/y4671e06.htm,Differences,Concept
https://www.fao.org/3/y4671e/y4671e06.htm,Within,Concept
https://www.fao.org/3/y4671e/y4671e06.htm,Categories,Concept
https://www.fao.org/3/y4671e/y4671e06.htm,Changes,Concept
https://www.fao.org/3/y4671e/y4671e06.htm,Incidence,Concept
https://www.fao.org/3/y4671e/y4671e06.htm,Limited,Concept
https://www.fao.org/3/y4671e/y4671e06.htm,Success,Concept
https://www.fao.org/3/y4671e/y4671e06.htm,Notes,Concept
https://www.fao.org/3/y4671e/y4671e06.htm,Groups,Concept
https://www.fao.org/3/y4671e/y4671e06.htm,Saharan Africa,Concept
https://www.fao.org/3/y4671e/y4671e06.htm,Unreliable,Concept
https://www.fao.org/3/y4671e/y4671e06.htm,Data,Concept
https://www.fao.org/3/y4671e/y4671e06.htm,Production,Concept
https://www.fao.org/3/y4671e/y4671e06.htm,Unrecorded,Concept
https://www.fao.org/3/y4671e/y4671e06.htm,Trade,Concept
https://www.fao.org/3/y4671e/y4671e06.htm,Unavoidable,Concept
https://www.fao.org/3/y4671e/y4671e06.htm,Serious,Concept
https://www.fao.org/3/y4671e/y4671e06.htm,Many,Concept
https://www.fao.org/3/y4671e/y4671e06.htm,Insecure,Concept
https://www.fao.org/3/y4671e/y4671e06.htm,Countries,Concept
https://www.fao.org/3/y4671e/y4671e06.htm,Sub-Saharan,Concept
https://www.fao.org/3/y4671e/y4671e06.htm,Russian Federation,Concept
https://www.fao.org/3/y4671e/y4671e06.htm,Haryana States,Concept
https://www.fao.org/3/y4671e/y4671e06.htm,Northern Nigeria,Concept
https://www.fao.org/3/y4671e/y4671e06.htm,India,Location
https://www.fao.org/3/y4671e/y4671e06.htm,HIV,Organization
https://www.fao.org/3/y4671e/y4671e06.htm,AIDS,Organization
https://www.fao.org/3/y4671e/y4671e06.htm,Definition,Concept
https://www.fao.org/3/y4671e/y4671e06.htm,Includes,Concept
https://www.fao.org/3/y4671e/y4671e06.htm,Poor,Concept
https://www.fao.org/3/y4671e/y4671e06.htm,Absorption,Concept
https://www.fao.org/3/y4671e/y4671e06.htm,Biological,Concept
https://www.fao.org/3/y4671e/y4671e06.htm,Nutrients,Concept
https://www.fao.org/3/y4671e/y4671e06.htm,Consumed,Concept
https://www.fao.org/3/y4671e/y4671e06.htm,Convenient,Concept
https://www.fao.org/3/y4671e/y4671e06.htm,Assumption,Concept
https://www.fao.org/3/y4671e/y4671e06.htm,Agricultural,Concept
https://www.fao.org/3/y4671e/y4671e06.htm,Policy,Concept
https://www.fao.org/3/y4671e/y4671e06.htm,Statements,Concept
https://www.fao.org/3/y4671e/y4671e06.htm,Give,Concept
https://www.fao.org/3/y4671e/y4671e06.htm,Less,Concept
https://www.fao.org/3/y4671e/y4671e06.htm,Prominence,Concept
https://www.fao.org/3/y4671e/y4671e06.htm,Transitory,Concept
https://www.fao.org/3/y4671e/y4671e06.htm,Acute,Concept
https://www.fao.org/3/y4671e/y4671e06.htm,Frequently,Concept
https://www.fao.org/3/y4671e/y4671e06.htm,UR,Organization
https://www.fao.org/3/y4671e/y4671e06.htm,World Development Report,Concept
https://www.fao.org/3/y4671e/y4671e06.htm,Uruguay Round,Concept
https://www.fao.org/3/y4671e/y4671e06.htm,Since,Concept
https://www.fao.org/3/y4671e/y4671e06.htm,Natural,Concept
https://www.fao.org/3/y4671e/y4671e06.htm,Disasters,Concept
https://www.fao.org/3/y4671e/y4671e06.htm,Conflict,Concept
https://www.fao.org/3/y4671e/y4671e06.htm,Severe,Concept
https://www.fao.org/3/y4671e/y4671e06.htm,Short-Term,Concept
https://www.fao.org/3/y4671e/y4671e06.htm,Persisting,Concept
https://www.fao.org/3/y4671e/y4671e06.htm,Long-Term,Concept
https://www.fao.org/3/y4671e/y4671e06.htm,Negative,Concept
https://www.fao.org/3/y4671e/y4671e06.htm,Simple Chow,Concept
https://www.fao.org/3/y4671e/y4671e06.htm,Liberalization,Concept
https://www.fao.org/3/y4671e/y4671e06.htm,Also,Concept
https://www.fao.org/3/y4671e/y4671e06.htm,Associated,Concept
https://www.fao.org/3/y4671e/y4671e06.htm,Increased,Concept
https://www.fao.org/3/y4671e/y4671e06.htm,Volatility,Concept
https://www.fao.org/3/y4671e/y4671e06.htm,Prices,Concept
https://www.fao.org/3/y4671e/y4671e06.htm,Maize,Concept
https://www.fao.org/3/y4671e/y4671e06.htm,Yields,Concept
https://www.fao.org/3/y4671e/y4671e06.htm,Products,Concept
https://www.fao.org/3/y4671e/y4671e06.htm,MCA,Organization
https://www.fao.org/3/y4671e/y4671e06.htm,Multi-Dimensional,Concept
https://www.fao.org/3/y4671e/y4671e06.htm,Political,Concept
https://www.fao.org/3/y4671e/y4671e06.htm,Action,Concept
https://www.fao.org/3/y4671e/y4671e06.htm,Seems,Concept
https://www.fao.org/3/y4671e/y4671e06.htm,Require,Concept
https://www.fao.org/3/y4671e/y4671e06.htm,Identification,Concept
https://www.fao.org/3/y4671e/y4671e06.htm,Simple,Concept
https://www.fao.org/3/y4671e/y4671e06.htm,Deficits,Concept
https://www.fao.org/3/y4671e/y4671e06.htm,Basis,Concept
https://www.fao.org/3/y4671e/y4671e06.htm,FIVIMS,Organization
https://www.fao.org/3/y4671e/y4671e06.htm,WFP,Organization
https://www.fao.org/3/y4671e/y4671e06.htm,Food Information,Concept
https://www.fao.org/3/y4671e/y4671e06.htm,Vulnerability Mapping Systems,Concept
https://www.fao.org/3/y4671e/y4671e06.htm,World Food Programme,Concept
https://www.fao.org/3/y4671e/y4671e06.htm,Sometimes,Concept
https://www.fao.org/3/y4671e/y4671e06.htm,Suggested,Concept
https://www.fao.org/3/y4671e/y4671e06.htm,Practical,Concept
https://www.fao.org/3/y4671e/y4671e06.htm,Entitlement,Concept
https://www.fao.org/3/y4671e/y4671e06.htm,Theory,Concept
https://www.fao.org/3/y4671e/y4671e06.htm,Involve,Concept
https://www.fao.org/3/y4671e/y4671e06.htm,Re-Labelling,Concept
https://www.fao.org/3/y4671e/y4671e06.htm,Indicators,Concept
https://www.fao.org/3/y4671e/y4671e06.htm,Useful,Concept
https://www.medscape.com/viewarticle/time-reconsider-tramadol-chronic-pain-2025a1000ria,MD,Organization
https://www.medscape.com/viewarticle/time-reconsider-tramadol-chronic-pain-2025a1000ria,BMJ,Organization
https://www.medscape.com/viewarticle/time-reconsider-tramadol-chronic-pain-2025a1000ria,Jehad Ahmad Barakji,Concept
https://www.medscape.com/viewarticle/time-reconsider-tramadol-chronic-pain-2025a1000ria,Intervention Research,Concept
https://www.medscape.com/viewarticle/time-reconsider-tramadol-chronic-pain-2025a1000ria,Medscape Medical News,Concept
https://www.medscape.com/viewarticle/time-reconsider-tramadol-chronic-pain-2025a1000ria,Based Medicine,Concept
https://www.medscape.com/viewarticle/time-reconsider-tramadol-chronic-pain-2025a1000ria,Popularity Outpacing Proof,Concept
https://www.medscape.com/viewarticle/time-reconsider-tramadol-chronic-pain-2025a1000ria,Tramadol,Drug
https://www.medscape.com/viewarticle/time-reconsider-tramadol-chronic-pain-2025a1000ria,Opioid,Drug
https://www.medscape.com/viewarticle/time-reconsider-tramadol-chronic-pain-2025a1000ria,Analgesic,Drug
https://www.medscape.com/viewarticle/time-reconsider-tramadol-chronic-pain-2025a1000ria,Chronic Pain,Disease
https://www.medscape.com/viewarticle/time-reconsider-tramadol-chronic-pain-2025a1000ria,Small Benefit,Concept
https://www.medscape.com/viewarticle/time-reconsider-tramadol-chronic-pain-2025a1000ria,Big Risk,Concept
https://www.medscape.com/viewarticle/time-reconsider-tramadol-chronic-pain-2025a1000ria,Neuropathic Pain,Disease
https://www.medscape.com/viewarticle/time-reconsider-tramadol-chronic-pain-2025a1000ria,NRS,Organization
https://www.medscape.com/viewarticle/time-reconsider-tramadol-chronic-pain-2025a1000ria,Placebo,Drug
https://www.medscape.com/viewarticle/time-reconsider-tramadol-chronic-pain-2025a1000ria,Reevaluating Tramadol,Concept
https://www.medscape.com/viewarticle/time-reconsider-tramadol-chronic-pain-2025a1000ria,Commenting,Concept
https://www.medscape.com/viewarticle/time-reconsider-tramadol-chronic-pain-2025a1000ria,Jessica Otte,Concept
https://www.medscape.com/viewarticle/time-reconsider-tramadol-chronic-pain-2025a1000ria,Family Medicine,Concept
https://www.medscape.com/viewarticle/time-reconsider-tramadol-chronic-pain-2025a1000ria,University,Concept
https://www.medscape.com/viewarticle/time-reconsider-tramadol-chronic-pain-2025a1000ria,British Columbia,Concept
https://www.medscape.com/viewarticle/time-reconsider-tramadol-chronic-pain-2025a1000ria,Therapeutics Initiative,Concept
https://www.medscape.com/viewarticle/time-reconsider-tramadol-chronic-pain-2025a1000ria,Danish,Concept
https://www.medscape.com/viewarticle/time-reconsider-tramadol-chronic-pain-2025a1000ria,Houman Danesh,Concept
https://www.medscape.com/viewarticle/time-reconsider-tramadol-chronic-pain-2025a1000ria,Icahn School,Concept
https://www.medscape.com/viewarticle/time-reconsider-tramadol-chronic-pain-2025a1000ria,Mount Sinai,Concept
https://www.medscape.com/viewarticle/time-reconsider-tramadol-chronic-pain-2025a1000ria,New York City,Concept
https://www.medscape.com/viewarticle/time-reconsider-tramadol-chronic-pain-2025a1000ria,Important,Concept
https://www.medscape.com/viewarticle/time-reconsider-tramadol-chronic-pain-2025a1000ria,Take,Concept
https://www.medscape.com/viewarticle/time-reconsider-tramadol-chronic-pain-2025a1000ria,Study,Concept
https://www.medscape.com/viewarticle/time-reconsider-tramadol-chronic-pain-2025a1000ria,Consideration,Concept
https://www.medscape.com/viewarticle/time-reconsider-tramadol-chronic-pain-2025a1000ria,Said,Concept
https://www.medscape.com/viewarticle/time-reconsider-tramadol-chronic-pain-2025a1000ria,Multiple,Concept
https://www.medscape.com/viewarticle/time-reconsider-tramadol-chronic-pain-2025a1000ria,Studies,Concept
https://www.medscape.com/viewarticle/time-reconsider-tramadol-chronic-pain-2025a1000ria,Support,Concept
https://www.medscape.com/viewarticle/time-reconsider-tramadol-chronic-pain-2025a1000ria,Have,Concept
https://www.medscape.com/viewarticle/time-reconsider-tramadol-chronic-pain-2025a1000ria,Look,Concept
https://www.medscape.com/viewarticle/time-reconsider-tramadol-chronic-pain-2025a1000ria,Totality,Concept
https://www.medscape.com/viewarticle/time-reconsider-tramadol-chronic-pain-2025a1000ria,Evidence,Concept
https://www.medscape.com/viewarticle/time-reconsider-tramadol-chronic-pain-2025a1000ria,Authors,Concept
https://www.medscape.com/viewarticle/time-reconsider-tramadol-chronic-pain-2025a1000ria,Declared,Concept
https://www.frontiersin.org/news/2025/09/01/rectangle-telescope-finding-habitable-planets,Ocean-Floor,Concept
https://www.frontiersin.org/news/2025/09/01/rectangle-telescope-finding-habitable-planets,Mining,Concept
https://www.frontiersin.org/news/2025/09/01/rectangle-telescope-finding-habitable-planets,Oversights,Concept
https://www.frontiersin.org/news/2025/09/01/rectangle-telescope-finding-habitable-planets,Help,Concept
https://www.frontiersin.org/news/2025/09/01/rectangle-telescope-finding-habitable-planets,Regulate,Concept
https://www.frontiersin.org/news/2025/09/01/rectangle-telescope-finding-habitable-planets,Space,Concept
https://www.frontiersin.org/news/2025/09/01/rectangle-telescope-finding-habitable-planets,Debris,Concept
https://www.frontiersin.org/news/2025/09/01/rectangle-telescope-finding-habitable-planets,Moon,Concept
https://www.medscape.com/viewarticle/second-dose-boosts-shingles-protection-adults-aged-65-years-2025a1000ro7,CDC,Organization
https://www.medscape.com/viewarticle/second-dose-boosts-shingles-protection-adults-aged-65-years-2025a1000ro7,US,Organization
https://www.medscape.com/viewarticle/second-dose-boosts-shingles-protection-adults-aged-65-years-2025a1000ro7,Family Medicine,Concept
https://www.medscape.com/viewarticle/second-dose-boosts-shingles-protection-adults-aged-65-years-2025a1000ro7,North Carolina School,Concept
https://www.medscape.com/viewarticle/second-dose-boosts-shingles-protection-adults-aged-65-years-2025a1000ro7,Chapel Hill,Concept
https://www.medscape.com/viewarticle/second-dose-boosts-shingles-protection-adults-aged-65-years-2025a1000ro7,North Carolina,Concept
https://www.medscape.com/viewarticle/second-dose-boosts-shingles-protection-adults-aged-65-years-2025a1000ro7,Zoster Vaccine,Drug
https://www.medscape.com/viewarticle/second-dose-boosts-shingles-protection-adults-aged-65-years-2025a1000ro7,Herpes Zoster,Disease
https://www.medscape.com/viewarticle/second-dose-boosts-shingles-protection-adults-aged-65-years-2025a1000ro7,VE,Organization
https://www.medscape.com/viewarticle/second-dose-boosts-shingles-protection-adults-aged-65-years-2025a1000ro7,Internal Medicine,Concept
https://www.medscape.com/viewarticle/second-dose-boosts-shingles-protection-adults-aged-65-years-2025a1000ro7,Shingles Vaccine,Drug
https://www.medscape.com/viewarticle/second-dose-boosts-shingles-protection-adults-aged-65-years-2025a1000ro7,Postherpetic Neuralgia,Disease
https://www.medscape.com/viewarticle/second-dose-boosts-shingles-protection-adults-aged-65-years-2025a1000ro7,RZV,Organization
https://www.medscape.com/viewarticle/second-dose-boosts-shingles-protection-adults-aged-65-years-2025a1000ro7,Recombinant Zoster Vaccine,Drug
https://www.medscape.com/viewarticle/second-dose-boosts-shingles-protection-adults-aged-65-years-2025a1000ro7,MD,Organization
https://www.medscape.com/viewarticle/second-dose-boosts-shingles-protection-adults-aged-65-years-2025a1000ro7,Considerations Shingles,Concept
https://www.medscape.com/viewarticle/second-dose-boosts-shingles-protection-adults-aged-65-years-2025a1000ro7,Shirin Mazumder,Concept
https://www.medscape.com/viewarticle/second-dose-boosts-shingles-protection-adults-aged-65-years-2025a1000ro7,Tennessee Health Science Center,Concept
https://www.medscape.com/viewarticle/second-dose-boosts-shingles-protection-adults-aged-65-years-2025a1000ro7,Medscape Medical News,Concept
https://www.medscape.com/viewarticle/second-dose-boosts-shingles-protection-adults-aged-65-years-2025a1000ro7,Infection,Disease
https://www.medscape.com/viewarticle/second-dose-boosts-shingles-protection-adults-aged-65-years-2025a1000ro7,National Center,Concept
https://www.medscape.com/viewarticle/second-dose-boosts-shingles-protection-adults-aged-65-years-2025a1000ro7,Advancing Translational Science,Concept
https://www.medscape.com/viewarticle/second-dose-boosts-shingles-protection-adults-aged-65-years-2025a1000ro7,Research,Concept
https://www.medscape.com/viewarticle/second-dose-boosts-shingles-protection-adults-aged-65-years-2025a1000ro7,Looking,Concept
https://www.medscape.com/viewarticle/second-dose-boosts-shingles-protection-adults-aged-65-years-2025a1000ro7,Factors,Concept
https://www.medscape.com/viewarticle/second-dose-boosts-shingles-protection-adults-aged-65-years-2025a1000ro7,Contributing,Concept
https://www.medscape.com/viewarticle/second-dose-boosts-shingles-protection-adults-aged-65-years-2025a1000ro7,Disparities,Concept
https://www.medscape.com/viewarticle/second-dose-boosts-shingles-protection-adults-aged-65-years-2025a1000ro7,Vaccine,Concept
https://www.medscape.com/viewarticle/second-dose-boosts-shingles-protection-adults-aged-65-years-2025a1000ro7,Effectiveness,Concept
https://www.medscape.com/viewarticle/second-dose-boosts-shingles-protection-adults-aged-65-years-2025a1000ro7,Among,Concept
https://www.medscape.com/viewarticle/second-dose-boosts-shingles-protection-adults-aged-65-years-2025a1000ro7,Different,Concept
https://www.medscape.com/viewarticle/second-dose-boosts-shingles-protection-adults-aged-65-years-2025a1000ro7,Racial,Concept
https://www.medscape.com/viewarticle/second-dose-boosts-shingles-protection-adults-aged-65-years-2025a1000ro7,Groups,Concept
https://www.medscape.com/viewarticle/second-dose-boosts-shingles-protection-adults-aged-65-years-2025a1000ro7,Also,Concept
https://www.medscape.com/viewarticle/second-dose-boosts-shingles-protection-adults-aged-65-years-2025a1000ro7,Useful,Concept
https://www.theguardian.com/global-development/2025/oct/13/astro-ambassadors-stargazers-himalayas-hanle-ladakh-india,Tsering Dolkar,Concept
https://www.theguardian.com/global-development/2025/oct/13/astro-ambassadors-stargazers-himalayas-hanle-ladakh-india,Milky Way,Concept
https://www.theguardian.com/global-development/2025/oct/13/astro-ambassadors-stargazers-himalayas-hanle-ladakh-india,Himalayas,Location
https://www.theguardian.com/global-development/2025/oct/13/astro-ambassadors-stargazers-himalayas-hanle-ladakh-india,India,Location
https://www.theguardian.com/global-development/2025/oct/13/astro-ambassadors-stargazers-himalayas-hanle-ladakh-india,Hanle,Location
https://www.theguardian.com/global-development/2025/oct/13/astro-ambassadors-stargazers-himalayas-hanle-ladakh-india,Indian Astronomical Observatory,Concept
https://www.theguardian.com/global-development/2025/oct/13/astro-ambassadors-stargazers-himalayas-hanle-ladakh-india,Niruj Mohan Ramanujam,Concept
https://www.theguardian.com/global-development/2025/oct/13/astro-ambassadors-stargazers-himalayas-hanle-ladakh-india,Indian Institute,Concept
https://www.theguardian.com/global-development/2025/oct/13/astro-ambassadors-stargazers-himalayas-hanle-ladakh-india,Himalayan Chandra,Concept
https://www.theguardian.com/global-development/2025/oct/13/astro-ambassadors-stargazers-himalayas-hanle-ladakh-india,Observatory,Technology
https://www.theguardian.com/global-development/2025/oct/13/astro-ambassadors-stargazers-himalayas-hanle-ladakh-india,Ladakh,Location
https://www.theguardian.com/global-development/2025/oct/13/astro-ambassadors-stargazers-himalayas-hanle-ladakh-india,Government,Concept
https://www.theguardian.com/global-development/2025/oct/13/astro-ambassadors-stargazers-himalayas-hanle-ladakh-india,Designated,Concept
https://www.theguardian.com/global-development/2025/oct/13/astro-ambassadors-stargazers-himalayas-hanle-ladakh-india,Area,Concept
https://www.theguardian.com/global-development/2025/oct/13/astro-ambassadors-stargazers-himalayas-hanle-ladakh-india,Around,Concept
https://www.theguardian.com/global-development/2025/oct/13/astro-ambassadors-stargazers-himalayas-hanle-ladakh-india,Hamlets,Concept
https://www.theguardian.com/global-development/2025/oct/13/astro-ambassadors-stargazers-himalayas-hanle-ladakh-india,Dark,Concept
https://www.theguardian.com/global-development/2025/oct/13/astro-ambassadors-stargazers-himalayas-hanle-ladakh-india,Reserve,Concept
https://www.theguardian.com/global-development/2025/oct/13/astro-ambassadors-stargazers-himalayas-hanle-ladakh-india,Officials,Concept
https://www.theguardian.com/global-development/2025/oct/13/astro-ambassadors-stargazers-himalayas-hanle-ladakh-india,Instigated,Concept
https://www.theguardian.com/global-development/2025/oct/13/astro-ambassadors-stargazers-himalayas-hanle-ladakh-india,Project,Concept
https://www.theguardian.com/global-development/2025/oct/13/astro-ambassadors-stargazers-himalayas-hanle-ladakh-india,Involve,Concept
https://www.theguardian.com/global-development/2025/oct/13/astro-ambassadors-stargazers-himalayas-hanle-ladakh-india,Community,Concept
https://www.theguardian.com/global-development/2025/oct/13/astro-ambassadors-stargazers-himalayas-hanle-ladakh-india,Management,Concept
https://www.theguardian.com/global-development/2025/oct/13/astro-ambassadors-stargazers-himalayas-hanle-ladakh-india,They,Concept
https://www.theguardian.com/global-development/2025/oct/13/astro-ambassadors-stargazers-himalayas-hanle-ladakh-india,Padma Chamchot,Concept
https://www.theguardian.com/global-development/2025/oct/13/astro-ambassadors-stargazers-himalayas-hanle-ladakh-india,Padma,Concept
https://www.theguardian.com/global-development/2025/oct/13/astro-ambassadors-stargazers-himalayas-hanle-ladakh-india,Chamchot,Concept
https://www.theguardian.com/global-development/2025/oct/13/astro-ambassadors-stargazers-himalayas-hanle-ladakh-india,Says,Concept
https://www.theguardian.com/global-development/2025/oct/13/astro-ambassadors-stargazers-himalayas-hanle-ladakh-india,Role,Concept
https://www.theguardian.com/global-development/2025/oct/13/astro-ambassadors-stargazers-himalayas-hanle-ladakh-india,Astro-Ambassador,Concept
https://www.theguardian.com/global-development/2025/oct/13/astro-ambassadors-stargazers-himalayas-hanle-ladakh-india,Opened,Concept
https://www.theguardian.com/global-development/2025/oct/13/astro-ambassadors-stargazers-himalayas-hanle-ladakh-india,Opportunities,Concept
https://www.theguardian.com/global-development/2025/oct/13/astro-ambassadors-stargazers-himalayas-hanle-ladakh-india,Women,Concept
https://www.theguardian.com/global-development/2025/oct/13/astro-ambassadors-stargazers-himalayas-hanle-ladakh-india,Like,Concept
https://www.theguardian.com/global-development/2025/oct/13/astro-ambassadors-stargazers-himalayas-hanle-ladakh-india,College,Concept
https://www.theguardian.com/global-development/2025/oct/13/astro-ambassadors-stargazers-himalayas-hanle-ladakh-india,Graduate,Concept
https://www.theguardian.com/global-development/2025/oct/13/astro-ambassadors-stargazers-himalayas-hanle-ladakh-india,Options,Concept
https://www.theguardian.com/global-development/2025/oct/13/astro-ambassadors-stargazers-himalayas-hanle-ladakh-india,Wait,Concept
https://www.theguardian.com/global-development/2025/oct/13/astro-ambassadors-stargazers-himalayas-hanle-ladakh-india,Kesang Dorjey,Concept
https://www.theguardian.com/global-development/2025/oct/13/astro-ambassadors-stargazers-himalayas-hanle-ladakh-india,Nawang Tsoundu,Concept
https://www.theguardian.com/global-development/2025/oct/13/astro-ambassadors-stargazers-himalayas-hanle-ladakh-india,Hashika Raj,Concept
https://www.theguardian.com/global-development/2025/oct/13/astro-ambassadors-stargazers-himalayas-hanle-ladakh-india,While Dorjey,Concept
https://www.theguardian.com/global-development/2025/oct/13/astro-ambassadors-stargazers-himalayas-hanle-ladakh-india,Dorjey,Concept
https://www.theguardian.com/global-development/2025/oct/13/astro-ambassadors-stargazers-himalayas-hanle-ladakh-india,Took,Concept
https://www.theguardian.com/global-development/2025/oct/13/astro-ambassadors-stargazers-himalayas-hanle-ladakh-india,Time,Concept
https://www.theguardian.com/global-development/2025/oct/13/astro-ambassadors-stargazers-himalayas-hanle-ladakh-india,Appreciate,Concept
https://www.theguardian.com/global-development/2025/oct/13/astro-ambassadors-stargazers-himalayas-hanle-ladakh-india,Extraordinary,Concept
https://www.theguardian.com/global-development/2025/oct/13/astro-ambassadors-stargazers-himalayas-hanle-ladakh-india,Skies,Concept
https://www.theguardian.com/global-development/2025/oct/13/astro-ambassadors-stargazers-himalayas-hanle-ladakh-india,Rising,Concept
https://www.theguardian.com/global-development/2025/oct/13/astro-ambassadors-stargazers-himalayas-hanle-ladakh-india,Tourism,Concept
https://www.theguardian.com/global-development/2025/oct/13/astro-ambassadors-stargazers-himalayas-hanle-ladakh-india,Fears,Concept
https://www.theguardian.com/global-development/2025/oct/13/astro-ambassadors-stargazers-himalayas-hanle-ladakh-india,Commercial,Concept
https://www.theguardian.com/global-development/2025/oct/13/astro-ambassadors-stargazers-himalayas-hanle-ladakh-india,Interests,Concept
https://www.theguardian.com/global-development/2025/oct/13/astro-ambassadors-stargazers-himalayas-hanle-ladakh-india,Overpower,Concept
https://www.theguardian.com/global-development/2025/oct/13/astro-ambassadors-stargazers-himalayas-hanle-ladakh-india,Efforts,Concept
